K,n_tongues,total_locked,entropy,efficiency,herfindahl,inv_herfindahl,gini_complement
0.0,0,0,0.0,nan,1.0,1.0,1.0
0.002506265664160401,0,0,0.0,nan,1.0,1.0,1.0
0.005012531328320802,0,0,0.0,nan,1.0,1.0,1.0
0.007518796992481203,0,0,0.0,nan,1.0,1.0,1.0
0.010025062656641603,0,0,0.0,0.0,1.0,1.0,1.0
0.012531328320802004,0,0,0.0,0.0,1.0,1.0,1.0
0.015037593984962405,0,0,0.0,0.0,1.0,1.0,1.0
0.017543859649122806,2,0.0075,0.6931471805599453,114.0,0.5,2.0,1.0
0.020050125313283207,2,0.0075,0.6931471805599453,99.75,0.5,2.0,1.0
0.022556390977443608,2,0.0075,0.6931471805599453,88.66666666666667,0.5,2.0,1.0
0.02506265664160401,2,0.01,0.6931471805599453,79.80000000000001,0.5,2.0,1.0
0.02756892230576441,2,0.01,0.6931471805599453,72.54545454545455,0.5,2.0,1.0
0.03007518796992481,2,0.01,0.6931471805599453,66.5,0.5,2.0,1.0
0.03258145363408521,2,0.0125,0.6931471805599453,61.38461538461539,0.5,2.0,0.9999999999999998
0.03508771929824561,2,0.0125,0.6931471805599453,57.0,0.5,2.0,0.9999999999999998
0.03759398496240601,2,0.0125,0.6931471805599453,53.2,0.5,2.0,0.9999999999999998
0.040100250626566414,2,0.015,0.6931471805599453,49.875,0.5,2.0,1.0
0.042606516290726815,2,0.015,0.6931471805599453,46.94117647058824,0.5,2.0,1.0
0.045112781954887216,2,0.015,0.6931471805599453,44.333333333333336,0.5,2.0,1.0
0.047619047619047616,2,0.0175,0.6931471805599453,42.0,0.5,2.0,1.0
0.05012531328320802,2,0.0175,0.6931471805599453,39.900000000000006,0.5,2.0,1.0
0.05263157894736842,2,0.0175,0.6931471805599453,38.0,0.5,2.0,1.0
0.05513784461152882,2,0.02,0.6931471805599453,36.27272727272727,0.5,2.0,1.0
0.05764411027568922,2,0.02,0.6931471805599453,34.69565217391305,0.5,2.0,1.0
0.06015037593984962,2,0.02,0.6931471805599453,33.25,0.5,2.0,1.0
0.06265664160401002,2,0.02,0.6931471805599453,31.92,0.5,2.0,1.0
0.06516290726817042,2,0.0225,0.6931471805599453,30.692307692307693,0.5,2.0,0.9999999999999998
0.06766917293233082,2,0.0225,0.6931471805599453,29.555555555555557,0.5,2.0,0.9999999999999998
0.07017543859649122,2,0.0225,0.6931471805599453,28.5,0.5,2.0,0.9999999999999998
0.07268170426065163,2,0.025,0.6931471805599453,27.517241379310345,0.5,2.0,0.9999999999999998
0.07518796992481203,2,0.025,0.6931471805599453,26.6,0.5,2.0,0.9999999999999998
0.07769423558897243,2,0.025,0.6931471805599453,25.741935483870968,0.5,2.0,0.9999999999999998
0.08020050125313283,2,0.0275,0.6931471805599453,24.9375,0.5,2.0,1.0
0.08270676691729323,2,0.0275,0.6931471805599453,24.181818181818183,0.5,2.0,1.0
0.08521303258145363,2,0.0275,0.6931471805599453,23.47058823529412,0.5,2.0,1.0
0.08771929824561403,2,0.03,0.6931471805599453,22.8,0.5,2.0,1.0
0.09022556390977443,2,0.03,0.6931471805599453,22.166666666666668,0.5,2.0,1.0
0.09273182957393483,2,0.03,0.6931471805599453,21.56756756756757,0.5,2.0,1.0
0.09523809523809523,2,0.0325,0.6931471805599453,21.0,0.5,2.0,1.0
0.09774436090225563,2,0.0325,0.6931471805599453,20.461538461538463,0.5,2.0,1.0
0.10025062656641603,2,0.0325,0.6931471805599453,19.950000000000003,0.5,2.0,1.0
0.10275689223057644,2,0.035,0.6931471805599453,19.463414634146343,0.5,2.0,1.0
0.10526315789473684,2,0.035,0.6931471805599453,19.0,0.5,2.0,1.0
0.10776942355889724,2,0.035,0.6931471805599453,18.558139534883722,0.5,2.0,1.0
0.11027568922305764,2,0.0375,0.6931471805599453,18.136363636363637,0.5,2.0,1.0
0.11278195488721804,2,0.0375,0.6931471805599453,17.733333333333334,0.5,2.0,1.0
0.11528822055137844,2,0.0375,0.6931471805599453,17.347826086956523,0.5,2.0,1.0
0.11779448621553884,2,0.0375,0.6931471805599453,16.97872340425532,0.5,2.0,1.0
0.12030075187969924,2,0.04,0.6931471805599453,16.625,0.5,2.0,1.0
0.12280701754385964,2,0.04,0.6931471805599453,16.28571428571429,0.5,2.0,1.0
0.12531328320802004,2,0.04,0.6931471805599453,15.96,0.5,2.0,1.0
0.12781954887218044,2,0.0425,0.6931471805599453,15.647058823529413,0.5,2.0,1.0
0.13032581453634084,2,0.0425,0.6931471805599453,15.346153846153847,0.5,2.0,1.0
0.13283208020050125,2,0.0425,0.6931471805599453,15.056603773584907,0.5,2.0,1.0
0.13533834586466165,2,0.045,0.6931471805599453,14.777777777777779,0.5,2.0,0.9999999999999998
0.13784461152882205,2,0.045,0.6931471805599453,14.50909090909091,0.5,2.0,0.9999999999999998
0.14035087719298245,2,0.045,0.6931471805599453,14.25,0.5,2.0,0.9999999999999998
0.14285714285714285,2,0.0475,0.6931471805599453,14.0,0.5,2.0,0.9999999999999998
0.14536340852130325,2,0.0475,0.6931471805599453,13.758620689655173,0.5,2.0,0.9999999999999998
0.14786967418546365,2,0.0475,0.6931471805599453,13.52542372881356,0.5,2.0,0.9999999999999998
0.15037593984962405,2,0.05,0.6931471805599453,13.3,0.5,2.0,0.9999999999999998
0.15288220551378445,2,0.05,0.6931471805599453,13.081967213114755,0.5,2.0,0.9999999999999998
0.15538847117794485,2,0.05,0.6931471805599453,12.870967741935484,0.5,2.0,0.9999999999999998
0.15789473684210525,2,0.0525,0.6931471805599453,12.666666666666668,0.5,2.0,1.0
0.16040100250626566,2,0.0525,0.6931471805599453,12.46875,0.5,2.0,1.0
0.16290726817042606,2,0.0525,0.6931471805599453,12.276923076923078,0.5,2.0,1.0
0.16541353383458646,2,0.055,0.6931471805599453,12.090909090909092,0.5,2.0,1.0
0.16791979949874686,2,0.055,0.6931471805599453,11.91044776119403,0.5,2.0,1.0
0.17042606516290726,2,0.055,0.6931471805599453,11.73529411764706,0.5,2.0,1.0
0.17293233082706766,2,0.055,0.6931471805599453,11.565217391304348,0.5,2.0,1.0
0.17543859649122806,2,0.0575,0.6931471805599453,11.4,0.5,2.0,1.0
0.17794486215538846,2,0.0575,0.6931471805599453,11.23943661971831,0.5,2.0,1.0
0.18045112781954886,2,0.0575,0.6931471805599453,11.083333333333334,0.5,2.0,1.0
0.18295739348370926,2,0.06,0.6931471805599453,10.931506849315069,0.5,2.0,1.0
0.18546365914786966,2,0.06,0.6931471805599453,10.783783783783784,0.5,2.0,1.0
0.18796992481203006,2,0.06,0.6931471805599453,10.64,0.5,2.0,1.0
0.19047619047619047,2,0.0625,0.6931471805599453,10.5,0.5,2.0,1.0
0.19298245614035087,2,0.0625,0.6931471805599453,10.363636363636365,0.5,2.0,1.0
0.19548872180451127,2,0.0625,0.6931471805599453,10.230769230769232,0.5,2.0,1.0
0.19799498746867167,2,0.065,0.6931471805599453,10.10126582278481,0.5,2.0,1.0
0.20050125313283207,2,0.065,0.6931471805599453,9.975000000000001,0.5,2.0,1.0
0.20300751879699247,2,0.065,0.6931471805599453,9.851851851851853,0.5,2.0,1.0
0.20551378446115287,2,0.0675,0.6931471805599453,9.731707317073171,0.5,2.0,1.0
0.20802005012531327,2,0.0675,0.6931471805599453,9.614457831325302,0.5,2.0,1.0
0.21052631578947367,2,0.0675,0.6931471805599453,9.5,0.5,2.0,1.0
0.21303258145363407,2,0.07,0.6931471805599453,9.388235294117647,0.5,2.0,1.0
0.21553884711779447,2,0.07,0.6931471805599453,9.279069767441861,0.5,2.0,1.0
0.21804511278195488,3,0.07375000000000001,0.8589054195698592,13.758620689655173,0.4530307382935937,2.207355738744452,0.7175141242937852
0.22055137844611528,3,0.0775,0.8876451014371068,13.602272727272728,0.44172736732570234,2.263839811542992,0.7311827956989247
0.22305764411027568,3,0.0775,0.8876451014371068,13.449438202247192,0.44172736732570234,2.263839811542992,0.7311827956989247
0.22556390977443608,3,0.0775,0.8876451014371068,13.3,0.44172736732570234,2.263839811542992,0.7311827956989247
0.22807017543859648,3,0.08,0.8836171404814079,13.153846153846155,0.443359375,2.2555066079295156,0.7291666666666667
0.23057644110275688,3,0.08,0.8836171404814079,13.010869565217392,0.443359375,2.2555066079295156,0.7291666666666667
0.23308270676691728,3,0.08,0.8836171404814079,12.870967741935484,0.443359375,2.2555066079295156,0.7291666666666667
0.23558897243107768,3,0.08,0.8836171404814079,12.73404255319149,0.443359375,2.2555066079295156,0.7291666666666667
0.23809523809523808,3,0.0825,0.8797701341088705,12.600000000000001,0.4449035812672176,2.2476780185758516,0.7272727272727273
0.24060150375939848,3,0.0825,0.8797701341088705,12.46875,0.4449035812672176,2.2476780185758516,0.7272727272727273
0.24310776942355888,3,0.0825,0.8797701341088705,12.34020618556701,0.4449035812672176,2.2476780185758516,0.7272727272727273
0.24561403508771928,3,0.085,0.8760918930634294,12.214285714285715,0.4463667820069204,2.24031007751938,0.7254901960784315
0.24812030075187969,3,0.085,0.8760918930634294,12.090909090909092,0.4463667820069204,2.24031007751938,0.7254901960784315
0.2506265664160401,3,0.085,0.8760918930634294,11.97,0.4463667820069204,2.24031007751938,0.7254901960784315
0.2531328320802005,3,0.08750000000000001,0.8725712920312554,11.851485148514852,0.4477551020408163,2.2333637192342755,0.7238095238095239
0.2556390977443609,3,0.08750000000000001,0.8725712920312554,11.73529411764706,0.4477551020408163,2.2333637192342755,0.7238095238095239
0.2581453634085213,3,0.08750000000000001,0.8725712920312554,11.621359223300972,0.4477551020408163,2.2333637192342755,0.7238095238095239
0.2606516290726817,3,0.09000000000000001,0.8691981590385757,11.509615384615385,0.44907407407407407,2.2268041237113403,0.7222222222222223
0.2631578947368421,3,0.09000000000000001,0.8691981590385757,11.4,0.44907407407407407,2.2268041237113403,0.7222222222222223
0.2656641604010025,3,0.09000000000000001,0.8691981590385757,11.29245283018868,0.44907407407407407,2.2268041237113403,0.7222222222222223
0.2681704260651629,3,0.0925,0.8659631776806762,11.186915887850468,0.45032870708546385,2.2206001622060016,0.7207207207207207
0.2706766917293233,3,0.0925,0.8659631776806762,11.083333333333334,0.45032870708546385,2.2206001622060016,0.7207207207207207
0.2731829573934837,3,0.0925,0.8659631776806762,10.98165137614679,0.45032870708546385,2.2206001622060016,0.7207207207207207
0.2756892230576441,3,0.095,0.8628578006373905,10.881818181818183,0.4515235457063711,2.2147239263803686,0.7192982456140351
0.2781954887218045,3,0.095,0.8628578006373905,10.783783783783784,0.4515235457063711,2.2147239263803686,0.7192982456140351
0.2807017543859649,3,0.095,0.8628578006373905,10.6875,0.4515235457063711,2.2147239263803686,0.7192982456140351
0.2832080200501253,3,0.1,0.9075456052858699,10.5929203539823,0.4334374999999999,2.3071377072819037,0.7416666666666669
0.2857142857142857,3,0.1,0.9075456052858699,10.5,0.4334374999999999,2.3071377072819037,0.7416666666666669
0.2882205513784461,3,0.1,0.9075456052858699,10.408695652173913,0.4334374999999999,2.3071377072819037,0.7416666666666669
0.2907268170426065,3,0.1,0.9075456052858699,10.318965517241379,0.4334374999999999,2.3071377072819037,0.7416666666666669
0.2932330827067669,3,0.10250000000000001,0.9041935770865257,10.230769230769232,0.43486020226055916,2.2995896032831737,0.7398373983739834
0.2957393483709273,3,0.10250000000000001,0.9041935770865257,10.14406779661017,0.43486020226055916,2.2995896032831737,0.7398373983739834
0.2982456140350877,3,0.10250000000000001,0.9041935770865257,10.058823529411764,0.43486020226055916,2.2995896032831737,0.7398373983739834
0.3007518796992481,3,0.10500000000000001,0.9009553082066379,9.975000000000001,0.4362244897959183,2.2923976608187138,0.7380952380952386
0.3032581453634085,3,0.10500000000000001,0.9009553082066379,9.892561983471074,0.4362244897959183,2.2923976608187138,0.7380952380952386
0.3057644110275689,3,0.10500000000000001,0.9009553082066379,9.811475409836065,0.4362244897959183,2.2923976608187138,0.7380952380952386
0.3082706766917293,3,0.10750000000000001,0.8978250503874234,9.731707317073171,0.4375338020551649,2.285537700865266,0.7364341085271318
0.3107769423558897,3,0.10750000000000001,0.8978250503874234,9.653225806451614,0.4375338020551649,2.285537700865266,0.7364341085271318
0.3132832080200501,3,0.10750000000000001,0.8978250503874234,9.576,0.4375338020551649,2.285537700865266,0.7364341085271318
0.3157894736842105,3,0.10999999999999999,0.8947974248745523,9.5,0.43879132231404966,2.2789876397881104,0.7348484848484846
0.3182957393483709,3,0.10999999999999999,0.8947974248745523,9.425196850393702,0.43879132231404966,2.2789876397881104,0.7348484848484846
0.3208020050125313,3,0.10999999999999999,0.8947974248745523,9.3515625,0.43879132231404966,2.2789876397881104,0.7348484848484846
0.3233082706766917,3,0.11249999999999999,0.8918673953172509,9.279069767441861,0.44,2.272727272727273,0.733333333333333
0.3258145363408521,3,0.11249999999999999,0.8918673953172509,9.207692307692309,0.44,2.272727272727273,0.733333333333333
0.3283208020050125,3,0.11249999999999999,0.8918673953172509,9.137404580152673,0.44,2.272727272727273,0.733333333333333
0.3308270676691729,3,0.11499999999999999,0.8890302426467067,9.068181818181818,0.44116257088846883,2.2667380824852703,0.7318840579710144
0.3333333333333333,3,0.11624999999999999,0.9080341061313897,9.0,0.43322927506070075,2.308246597277822,0.7419354838709675
0.3358395989974937,3,0.1175,0.9252230558542053,8.932835820895523,0.42575826165685826,2.3487506645401384,0.7517730496453898
0.3383458646616541,3,0.12,0.9222208985694438,8.866666666666667,0.42708333333333337,2.341463414634146,0.7499999999999998
0.3408521303258145,3,0.12,0.9222208985694438,8.801470588235295,0.42708333333333337,2.341463414634146,0.7499999999999998
0.3433583959899749,3,0.12,0.9222208985694438,8.737226277372264,0.42708333333333337,2.341463414634146,0.7499999999999998
0.3458646616541353,3,0.12,0.9222208985694438,8.673913043478262,0.42708333333333337,2.341463414634146,0.7499999999999998
0.3483709273182957,3,0.1225,0.919302617315802,8.611510791366907,0.4283631820074969,2.334467671366067,0.7482993197278911
0.3508771929824561,3,0.1225,0.919302617315802,8.55,0.4283631820074969,2.334467671366067,0.7482993197278911
0.3533834586466165,3,0.1225,0.919302617315802,8.48936170212766,0.4283631820074969,2.334467671366067,0.7482993197278911
0.3558897243107769,3,0.125,0.9164647778837371,8.429577464788732,0.42960000000000004,2.327746741154562,0.7466666666666664
0.3583959899749373,3,0.125,0.9164647778837371,8.370629370629372,0.42960000000000004,2.327746741154562,0.7466666666666664
0.3609022556390977,3,0.125,0.9164647778837371,8.3125,0.42960000000000004,2.327746741154562,0.7466666666666664
0.3634085213032581,3,0.1275,0.9137041182432496,8.255172413793105,0.430795847750865,2.3212851405622494,0.7450980392156865
0.3659147869674185,3,0.1275,0.9137041182432496,8.198630136986301,0.430795847750865,2.3212851405622494,0.7450980392156865
0.3684210526315789,3,0.1275,0.9137041182432496,8.142857142857144,0.430795847750865,2.3212851405622494,0.7450980392156865
0.37092731829573933,3,0.13,0.9110175397125628,8.087837837837839,0.4319526627218934,2.3150684931506853,0.7435897435897436
0.37343358395989973,3,0.13,0.9110175397125628,8.033557046979865,0.4319526627218934,2.3150684931506853,0.7435897435897436
0.37593984962406013,3,0.13,0.9110175397125628,7.98,0.4319526627218934,2.3150684931506853,0.7435897435897436
0.37844611528822053,3,0.13375,0.9235446250145474,7.927152317880795,0.42650013101580914,2.34466516485767,0.7507788161993769
0.38095238095238093,3,0.135,0.937462336894758,7.875,0.4202674897119341,2.379436964504284,0.7592592592592593
0.38345864661654133,3,0.135,0.937462336894758,7.8235294117647065,0.4202674897119341,2.379436964504284,0.7592592592592593
0.38596491228070173,3,0.1375,0.9347698978582792,7.772727272727273,0.42148760330578505,2.3725490196078436,0.7575757575757576
0.38847117794486213,3,0.1375,0.9347698978582792,7.72258064516129,0.42148760330578505,2.3725490196078436,0.7575757575757576
0.39097744360902253,3,0.1375,0.9347698978582792,7.673076923076923,0.42148760330578505,2.3725490196078436,0.7575757575757576
0.39348370927318294,3,0.14,0.9321411439038294,7.624203821656051,0.422672193877551,2.3658996605054696,0.7559523809523812
0.39598997493734334,3,0.14,0.9321411439038294,7.575949367088608,0.422672193877551,2.3658996605054696,0.7559523809523812
0.39849624060150374,3,0.14,0.9321411439038294,7.528301886792454,0.422672193877551,2.3658996605054696,0.7559523809523812
0.40100250626566414,3,0.14,0.9321411439038294,7.48125,0.422672193877551,2.3658996605054696,0.7559523809523812
0.40350877192982454,3,0.14250000000000002,0.9295739074961717,7.434782608695652,0.4238227146814404,2.359477124183007,0.7543859649122806
0.40601503759398494,3,0.14250000000000002,0.9295739074961717,7.388888888888889,0.4238227146814404,2.359477124183007,0.7543859649122806
0.40852130325814534,3,0.14250000000000002,0.9295739074961717,7.34355828220859,0.4238227146814404,2.359477124183007,0.7543859649122806
0.41102756892230574,3,0.14500000000000002,0.9270661069126976,7.298780487804878,0.4249405469678953,2.3532703742567334,0.7528735632183909
0.41353383458646614,3,0.14500000000000002,0.9270661069126976,7.254545454545455,0.4249405469678953,2.3532703742567334,0.7528735632183909
0.41604010025062654,3,0.14500000000000002,0.9270661069126976,7.210843373493976,0.4249405469678953,2.3532703742567334,0.7528735632183909
0.41854636591478694,3,0.14750000000000002,0.9246157434581894,7.167664670658683,0.42602700373455893,2.3472690492245456,0.7514124293785311
0.42105263157894735,3,0.15000000000000002,0.9489154358953991,7.125,0.4149999999999999,2.409638554216868,0.7666666666666666
0.42355889724310775,3,0.15000000000000002,0.9489154358953991,7.0828402366863905,0.4149999999999999,2.409638554216868,0.7666666666666666
0.42606516290726815,3,0.15250000000000002,0.946434731839586,7.041176470588236,0.41615157215802195,2.4029706167258644,0.7650273224043718
0.42857142857142855,3,0.15250000000000002,0.946434731839586,7.0,0.41615157215802195,2.4029706167258644,0.7650273224043718
0.43107769423558895,3,0.15250000000000002,0.946434731839586,6.959302325581396,0.41615157215802195,2.4029706167258644,0.7650273224043718
0.43358395989974935,3,0.15500000000000003,0.94400520141316,6.919075144508671,0.4172736732570239,2.396508728179551,0.7634408602150538
0.43609022556390975,3,0.15500000000000003,0.94400520141316,6.879310344827586,0.4172736732570239,2.396508728179551,0.7634408602150538
0.43859649122807015,3,0.15500000000000003,0.94400520141316,6.840000000000001,0.4172736732570239,2.396508728179551,0.7634408602150538
0.44110275689223055,3,0.15749999999999997,0.9416253646451707,6.801136363636364,0.4183673469387756,2.390243902439024,0.7619047619047616
0.44360902255639095,3,0.15749999999999997,0.9416253646451707,6.76271186440678,0.4183673469387756,2.390243902439024,0.7619047619047616
0.44611528822055135,3,0.15749999999999997,0.9416253646451707,6.724719101123596,0.4183673469387756,2.390243902439024,0.7619047619047616
0.44862155388471175,3,0.15999999999999998,0.9392937871942997,6.687150837988828,0.4194335937500001,2.384167636786961,0.7604166666666665
0.45112781954887216,3,0.15999999999999998,0.9392937871942997,6.65,0.4194335937500001,2.384167636786961,0.7604166666666665
0.45363408521303256,3,0.15999999999999998,0.9392937871942997,6.613259668508288,0.4194335937500001,2.384167636786961,0.7604166666666665
0.45614035087719296,3,0.16499999999999998,0.9578305514084275,6.5769230769230775,0.4108126721763086,2.4341994970662193,0.7727272727272725
0.45864661654135336,3,0.16499999999999998,0.9578305514084275,6.540983606557377,0.4108126721763086,2.4341994970662193,0.7727272727272725
0.46115288220551376,3,0.16499999999999998,0.9578305514084275,6.505434782608696,0.4108126721763086,2.4341994970662193,0.7727272727272725
0.46365914786967416,3,0.16499999999999998,0.9578305514084275,6.47027027027027,0.4108126721763086,2.4341994970662193,0.7727272727272725
0.46616541353383456,3,0.16749999999999998,0.9555401724787793,6.435483870967742,0.4118957451548229,2.427798810167658,0.7711442786069651
0.46867167919799496,3,0.16749999999999998,0.9555401724787793,6.401069518716578,0.4118957451548229,2.427798810167658,0.7711442786069651
0.47117794486215536,3,0.16749999999999998,0.9555401724787793,6.367021276595745,0.4118957451548229,2.427798810167658,0.7711442786069651
0.47368421052631576,3,0.16999999999999998,0.9532915471790109,6.333333333333334,0.41295415224913495,2.421576328881906,0.7696078431372548
0.47619047619047616,3,0.16999999999999998,0.9532915471790109,6.300000000000001,0.41295415224913495,2.421576328881906,0.7696078431372548
0.47869674185463656,3,0.16999999999999998,0.9532915471790109,6.2670157068062835,0.41295415224913495,2.421576328881906,0.7696078431372548
0.48120300751879697,3,0.1725,0.9510836390687629,6.234375,0.41398865784499067,2.4155251141552503,0.7681159420289854
0.48370927318295737,3,0.1725,0.9510836390687629,6.202072538860104,0.41398865784499067,2.4155251141552503,0.7681159420289854
0.48621553884711777,3,0.1725,0.9510836390687629,6.170103092783505,0.41398865784499067,2.4155251141552503,0.7681159420289854
0.48872180451127817,3,0.175,0.9489154358953991,6.138461538461539,0.41500000000000004,2.4096385542168672,0.7666666666666664
0.49122807017543857,3,0.1775,0.9671200499873902,6.107142857142858,0.4063677841698076,2.460824993897974,0.7793427230046948
0.49373433583959897,3,0.1775,0.9671200499873902,6.0761421319796955,0.4063677841698076,2.460824993897974,0.7793427230046948
0.49624060150375937,3,0.18,0.9649629230074276,6.045454545454546,0.40740740740740744,2.454545454545454,0.7777777777777779
0.49874686716791977,3,0.18,0.9649629230074276,6.015075376884423,0.40740740740740744,2.454545454545454,0.7777777777777779
0.5012531328320802,3,0.18,0.9649629230074276,5.985,0.40740740740740744,2.454545454545454,0.7777777777777779
0.5037593984962406,3,0.1825,0.9628411104599165,5.955223880597015,0.4084255957965847,2.4484263726165865,0.7762557077625569
0.506265664160401,3,0.1825,0.9628411104599165,5.925742574257426,0.4084255957965847,2.4484263726165865,0.7762557077625569
0.5087719298245614,3,0.1825,0.9628411104599165,5.896551724137931,0.4084255957965847,2.4484263726165865,0.7762557077625569
0.5112781954887218,3,0.185,0.9607538582011104,5.86764705882353,0.4094229364499635,2.4424620874219443,0.7747747747747746
0.5137844611528822,3,0.185,0.9607538582011104,5.839024390243902,0.4094229364499635,2.4424620874219443,0.7747747747747746
0.5162907268170426,3,0.185,0.9607538582011104,5.810679611650486,0.4094229364499635,2.4424620874219443,0.7747747747747746
0.518796992481203,3,0.185,0.9607538582011104,5.782608695652174,0.4094229364499635,2.4424620874219443,0.7747747747747746
0.5213032581453634,3,0.1875,0.9587004237347494,5.7548076923076925,0.41040000000000004,2.4366471734892783,0.7733333333333332
0.5238095238095238,3,0.19,0.9748311613691685,5.727272727272727,0.40261426592797794,2.483766931842614,0.7850877192982455
0.5263157894736842,3,0.19,0.9748311613691685,5.7,0.40261426592797794,2.483766931842614,0.7850877192982455
0.5288220551378446,3,0.1925,0.9727984495169961,5.672985781990521,0.4036093776353517,2.477643125783535,0.7835497835497836
0.531328320802005,3,0.1925,0.9727984495169961,5.64622641509434,0.4036093776353517,2.477643125783535,0.7835497835497836
0.5338345864661654,3,0.1925,0.9727984495169961,5.619718309859155,0.4036093776353517,2.477643125783535,0.7835497835497836
0.5363408521303258,3,0.19499999999999998,0.9707958195793269,5.593457943925234,0.40458579881656814,2.471663619744058,0.7820512820512819
0.5388471177944862,3,0.19499999999999998,0.9707958195793269,5.567441860465116,0.40458579881656814,2.471663619744058,0.7820512820512819
0.5413533834586466,3,0.19499999999999998,0.9707958195793269,5.541666666666667,0.40458579881656814,2.471663619744058,0.7820512820512819
0.543859649122807,3,0.19749999999999998,0.9688227195520223,5.516129032258064,0.4055439833360039,2.4658237850651914,0.7805907172995779
0.5463659147869674,3,0.19749999999999998,0.9688227195520223,5.490825688073395,0.4055439833360039,2.4658237850651914,0.7805907172995779
0.5488721804511278,3,0.19749999999999998,0.9688227195520223,5.465753424657534,0.4055439833360039,2.4658237850651914,0.7805907172995779
0.5513784461152882,3,0.19999999999999998,0.9668786015963411,5.440909090909091,0.40648437500000006,2.46011916202191,0.7791666666666666
0.5538847117794486,3,0.20249999999999999,0.9813297425722198,5.41628959276018,0.3994055784179241,2.5037206639954204,0.7901234567901232
0.556390977443609,3,0.20249999999999999,0.9813297425722198,5.391891891891892,0.3994055784179241,2.5037206639954204,0.7901234567901232
0.5588972431077694,3,0.205,0.9794117533766875,5.367713004484305,0.4003569303985723,2.49777117384844,0.7886178861788615
0.5614035087719298,3,0.205,0.9794117533766875,5.34375,0.4003569303985723,2.49777117384844,0.7886178861788615
0.5639097744360902,3,0.205,0.9794117533766875,5.319999999999999,0.4003569303985723,2.49777117384844,0.7886178861788615
0.5664160401002506,3,0.2075,0.9775195722195256,5.29646017699115,0.401291914646538,2.491951528305299,0.7871485943775098
0.568922305764411,3,0.2075,0.9775195722195256,5.273127753303965,0.401291914646538,2.491951528305299,0.7871485943775098
0.5714285714285714,3,0.2075,0.9775195722195256,5.25,0.401291914646538,2.491951528305299,0.7871485943775098
0.5739348370927319,3,0.2075,0.9775195722195256,5.22707423580786,0.401291914646538,2.491951528305299,0.7871485943775098
0.5764411027568922,3,0.21,0.9756527933003011,5.2043478260869565,0.40221088435374147,2.4862579281183934,0.7857142857142856
0.5789473684210527,3,0.21,0.9756527933003011,5.181818181818182,0.40221088435374147,2.4862579281183934,0.7857142857142856
0.581453634085213,3,0.21,0.9756527933003011,5.1594827586206895,0.40221088435374147,2.4862579281183934,0.7857142857142856
0.5839598997493735,3,0.215,0.9868773198115373,5.1373390557939915,0.39663331530557056,2.5212203852053863,0.7945736434108526
0.5864661654135338,3,0.215,0.9868773198115373,5.115384615384616,0.39663331530557056,2.5212203852053863,0.7945736434108526
0.5889724310776943,3,0.215,0.9868773198115373,5.093617021276596,0.39663331530557056,2.5212203852053863,0.7945736434108526
0.5914786967418546,3,0.2175,0.9850644848616252,5.072033898305085,0.3975426080063417,2.515453639082751,0.7931034482758617
0.5939849624060151,3,0.2175,0.9850644848616252,5.0506329113924044,0.3975426080063417,2.515453639082751,0.7931034482758617
0.5964912280701754,3,0.2175,0.9850644848616252,5.029411764705882,0.3975426080063417,2.515453639082751,0.7931034482758617
0.5989974937343359,3,0.22,0.9832739442463889,5.00836820083682,0.3984375,2.5098039215686274,0.7916666666666665
0.6015037593984962,3,0.22,0.9832739442463889,4.987500000000001,0.3984375,2.5098039215686274,0.7916666666666665
0.6040100250626567,3,0.22,0.9832739442463889,4.966804979253112,0.3984375,2.5098039215686274,0.7916666666666665
0.606516290726817,3,0.2225,0.9815053989580445,4.946280991735537,0.39931826789546776,2.504268099905153,0.7902621722846441
0.6090225563909775,3,0.2225,0.9815053989580445,4.925925925925926,0.39931826789546776,2.504268099905153,0.7902621722846441
0.6115288220551378,5,0.2325,1.1262222510038695,8.176229508196721,0.3688865764828304,2.710860366713681,0.5161290322580645
0.6140350877192983,3,0.2275,0.9916657386254762,4.885714285714285,0.3942156744354547,2.5366824934905803,0.7985347985347984
0.6165413533834586,3,0.2275,0.9916657386254762,4.865853658536586,0.3942156744354547,2.5366824934905803,0.7985347985347984
0.6190476190476191,3,0.2275,0.9916657386254762,4.846153846153846,0.3942156744354547,2.5366824934905803,0.7985347985347984
0.6215538847117794,3,0.23,0.9899490539341391,4.826612903225807,0.3950850661625709,2.5311004784688995,0.7971014492753623
0.6240601503759399,3,0.23,0.9899490539341391,4.807228915662651,0.3950850661625709,2.5311004784688995,0.7971014492753623
0.6265664160401002,3,0.23,0.9899490539341391,4.788,0.3950850661625709,2.5311004784688995,0.7971014492753623
0.6290726817042607,3,0.23,0.9899490539341391,4.768924302788845,0.3950850661625709,2.5311004784688995,0.7971014492753623
0.631578947368421,3,0.2325,0.9882517544374712,4.75,0.3959417273673257,2.5256241787122207,0.7956989247311828
0.6340852130325815,5,0.24000000000000002,1.1180905349585397,7.885375494071146,0.3720703125,2.6876640419947506,0.5125
0.6365914786967418,5,0.24000000000000002,1.1180905349585397,7.854330708661418,0.3720703125,2.6876640419947506,0.5125
0.6390977443609023,5,0.245,1.1250323109044729,7.823529411764706,0.368127863390254,2.7164474614623115,0.5163265306122449
0.6416040100250626,5,0.245,1.1250323109044729,7.79296875,0.368127863390254,2.7164474614623115,0.5163265306122449
0.6441102756892231,5,0.245,1.1250323109044729,7.762645914396887,0.368127863390254,2.7164474614623115,0.5163265306122449
0.6466165413533834,5,0.2475,1.1224603407207856,7.732558139534884,0.36914600550964183,2.708955223880597,0.5151515151515151
0.6491228070175439,3,0.24,0.9958388570132306,4.621621621621621,0.39208984375,2.5504358655043586,0.8020833333333333
0.6516290726817042,3,0.24,0.9958388570132306,4.603846153846154,0.39208984375,2.5504358655043586,0.8020833333333333
0.6541353383458647,3,0.2425,0.9942100549693321,4.586206896551724,0.3929216707407801,2.54503651609413,0.8006872852233677
0.656641604010025,5,0.25,1.1199203369168174,7.614503816793894,0.3701499999999999,2.70160745643658,0.514
0.6591478696741855,5,0.25,1.1199203369168174,7.585551330798479,0.3701499999999999,2.70160745643658,0.514
0.6616541353383458,5,0.2525,1.1174117700550612,7.5568181818181825,0.3711400843054602,2.6944004226096148,0.5128712871287129
0.6641604010025063,5,0.255,1.126237083940941,7.528301886792453,0.36649365628604375,2.7285601888276956,0.5176470588235291
0.6666666666666666,5,0.255,1.126237083940941,7.5,0.36649365628604375,2.7285601888276956,0.5176470588235291
0.6691729323308271,5,0.2575,1.1237929893113399,7.47191011235955,0.3674710151757941,2.7213030652815187,0.5165048543689321
0.6716791979949874,5,0.2575,1.1237929893113399,7.444029850746269,0.3674710151757941,2.7213030652815187,0.5165048543689321
0.6741854636591479,5,0.2575,1.1237929893113399,7.41635687732342,0.3674710151757941,2.7213030652815187,0.5165048543689321
0.6766917293233082,5,0.26,1.1213774418993376,7.388888888888889,0.3684356508875739,2.71417816813049,0.5153846153846153
0.6791979949874687,5,0.2625,1.149678512528124,7.361623616236162,0.36176870748299317,2.7641970665663784,0.5257142857142858
0.681704260651629,5,0.26,1.1213774418993376,7.334558823529412,0.3684356508875739,2.71417816813049,0.5153846153846153
0.6842105263157895,5,0.2625,1.1189900099313796,7.3076923076923075,0.36938775510204086,2.7071823204419885,0.5142857142857142
0.6867167919799498,5,0.2625,1.1189900099313796,7.281021897810219,0.36938775510204086,2.7071823204419885,0.5142857142857142
0.6892230576441103,5,0.265,1.1271576212284387,7.254545454545454,0.3650320398718404,2.7394855540655865,0.5188679245283021
0.6917293233082706,5,0.265,1.1271576212284387,7.228260869565218,0.3650320398718404,2.7394855540655865,0.5188679245283021
0.6942355889724311,5,0.2675,1.1248317673854298,7.20216606498195,0.36597082714647566,2.732458233890215,0.5177570093457946
0.6967418546365914,5,0.2675,1.1248317673854298,7.176258992805756,0.36597082714647566,2.732458233890215,0.5177570093457946
0.6992481203007519,5,0.2675,1.1248317673854298,7.150537634408602,0.36597082714647566,2.732458233890215,0.5177570093457946
0.7017543859649122,5,0.2725,1.1501280123383024,7.125,0.3604915411160676,2.7739901937894005,0.526605504587156
0.7042606516290727,5,0.2725,1.1501280123383024,7.099644128113879,0.3604915411160676,2.7739901937894005,0.526605504587156
0.706766917293233,5,0.2725,1.1501280123383024,7.074468085106384,0.3604915411160676,2.7739901937894005,0.526605504587156
0.7092731829573935,5,0.275,1.1477061530574049,7.04946996466431,0.36144628099173554,2.766662855836287,0.5254545454545456
0.7117794486215538,5,0.275,1.1477061530574049,7.024647887323944,0.36144628099173554,2.766662855836287,0.5254545454545456
0.7142857142857143,5,0.2775,1.155063264914545,7.0,0.3574791007223439,2.797366329889886,0.5297297297297299
0.7167919799498746,5,0.2775,1.1256308917883906,6.975524475524476,0.36462137813489165,2.7425709515859764,0.5189189189189192
0.7192982456140351,5,0.2775,1.1256308917883906,6.951219512195122,0.36462137813489165,2.7425709515859764,0.5189189189189192
0.7218045112781954,5,0.28,1.1527040788390854,6.927083333333334,0.3584183673469387,2.7900355871886124,0.5285714285714285
0.7243107769423559,5,0.28250000000000003,1.1503694704888525,6.903114186851211,0.3593468556660662,2.7828266317968837,0.5274336283185839
0.7268170426065163,5,0.28250000000000003,1.1503694704888525,6.879310344827586,0.3593468556660662,2.7828266317968837,0.5274336283185839
0.7293233082706767,5,0.28250000000000003,1.1503694704888525,6.855670103092783,0.3593468556660662,2.7828266317968837,0.5274336283185839
0.731829573934837,5,0.285,1.1480591252469359,6.832191780821918,0.36026469682979384,2.7757368645877825,0.5263157894736841
0.7343358395989975,5,0.285,1.1480591252469359,6.808873720136519,0.36026469682979384,2.7757368645877825,0.5263157894736841
0.7368421052631579,5,0.2875,1.154922648955068,6.7857142857142865,0.35652173913043483,2.804878048780487,0.5304347826086957
0.7393483709273183,5,0.29,1.1526717590369506,6.762711864406779,0.3574241973840666,2.7977960286932113,0.5293103448275862
0.7418546365914787,5,0.2925,1.1765721992662772,6.739864864864865,0.3516692234640953,2.8435812214374736,0.5384615384615381
0.7443609022556391,5,0.2925,1.1765721992662772,6.717171717171717,0.3516692234640953,2.8435812214374736,0.5384615384615381
0.7468671679197995,5,0.2925,1.1765721992662772,6.694630872483222,0.3516692234640953,2.8435812214374736,0.5384615384615381
0.7493734335839599,5,0.295,1.1742322723005463,6.672240802675585,0.3525926457914393,2.836134025868214,0.53728813559322
0.7518796992481203,5,0.2925,1.1504430577178162,6.65,0.3583168967784352,2.7908256880733946,0.5282051282051281
0.7543859649122807,5,0.2925,1.1504430577178162,6.627906976744186,0.3583168967784352,2.7908256880733946,0.5282051282051281
0.7568922305764411,5,0.295,1.1482362857223691,6.605960264900663,0.3591999425452456,2.783964810556833,0.5271186440677966
0.7593984962406015,7,0.305,1.258714781706956,9.217821782178218,0.3386858371405536,2.952588772069034,0.41217798594847754
0.7619047619047619,7,0.3075,1.2809955014997372,9.1875,0.33349857888822787,2.9985135269051635,0.4181184668989546
0.7644110275689223,7,0.31,1.2781611636641688,9.157377049180328,0.3344823100936524,2.9896947307019253,0.41705069124423977
0.7669172932330827,7,0.31,1.2781611636641688,9.127450980392158,0.3344823100936524,2.9896947307019253,0.41705069124423977
0.7694235588972431,7,0.31,1.2781611636641688,9.09771986970684,0.3344823100936524,2.9896947307019253,0.41705069124423977
0.7719298245614035,7,0.3125,1.2753550579925728,9.068181818181818,0.33545600000000003,2.9810168844796334,0.4159999999999999
0.7744360902255639,9,0.32,1.3728409651849254,11.62135922330097,0.3201904296875,3.1231414410979794,0.35763888888888884
0.7769423558897243,9,0.32,1.3728409651849254,11.583870967741936,0.3201904296875,3.1231414410979794,0.35763888888888884
0.7794486215538847,9,0.325,1.38866170764325,11.546623794212218,0.3166272189349112,3.158288170435433,0.36068376068376096
0.7819548872180451,9,0.3275,1.3929751436008873,11.509615384615385,0.31396771749898017,3.185040831477358,0.36217133163698056
0.7844611528822055,9,0.3275,1.3929751436008873,11.472843450479234,0.31396771749898017,3.185040831477358,0.36217133163698056
0.7869674185463659,7,0.32,1.274987322105005,8.894904458598727,0.334381103515625,2.9905996166833986,0.4162946428571428
0.7894736842105263,7,0.32,1.274987322105005,8.866666666666667,0.334381103515625,2.9905996166833986,0.4162946428571428
0.7919799498746867,9,0.3275,1.3707859348301985,11.363924050632912,0.31950352543558064,3.1298559182929058,0.3570822731128076
0.7944862155388471,9,0.33,1.3676140479646788,11.32807570977918,0.3205061983471074,3.120064464141821,0.3560606060606062
0.7969924812030075,9,0.33,1.3676140479646788,11.29245283018868,0.3205061983471074,3.120064464141821,0.3560606060606062
0.7994987468671679,9,0.3325,1.3864768009833988,11.25705329153605,0.3160156029170671,3.1644007155635063,0.3600668337510444
0.8020050125313283,9,0.3325,1.3864768009833988,11.221875,0.3160156029170671,3.1644007155635063,0.3600668337510444
0.8045112781954887,9,0.3375,1.387333770722018,11.186915887850468,0.31448559670781895,3.179795864956817,0.36049382716049405
0.8070175438596491,9,0.3375,1.387333770722018,11.152173913043478,0.31448559670781895,3.179795864956817,0.36049382716049405
0.8095238095238095,9,0.3375,1.387333770722018,11.117647058823529,0.31448559670781895,3.179795864956817,0.36049382716049405
0.8120300751879699,9,0.34,1.3842103520286555,11.083333333333334,0.315473615916955,3.169837189374465,0.3594771241830066
0.8145363408521303,9,0.34,1.3842103520286555,11.04923076923077,0.315473615916955,3.169837189374465,0.3594771241830066
0.8170426065162907,9,0.3425,1.4013960818013742,11.015337423312884,0.311231285630561,3.213044594710263,0.3633414436334146
0.8195488721804511,9,0.34500000000000003,1.398252527860523,10.98165137614679,0.312224322621298,3.202825428859738,0.3623188405797102
0.8220551378446115,9,0.34500000000000003,1.4027559601035926,10.948170731707318,0.31206679269061116,3.2044422009086326,0.3655394524959743
0.8245614035087719,9,0.34750000000000003,1.4064091001917671,10.914893617021276,0.30971481807359863,3.228776737967915,0.36690647482014405
0.8270676691729323,9,0.35000000000000003,1.4033097668429493,10.881818181818183,0.3106887755102041,3.2186550619919534,0.3658730158730159
0.8295739348370927,9,0.35000000000000003,1.4033097668429493,10.84894259818731,0.3106887755102041,3.2186550619919534,0.3658730158730159
0.8320802005012531,9,0.35000000000000003,1.4033097668429493,10.816265060240964,0.3106887755102041,3.2186550619919534,0.3658730158730159
0.8345864661654135,9,0.35500000000000004,1.4169592196735596,10.783783783783784,0.3076026582027376,3.250947198710197,0.36854460093896746
0.8370927318295739,9,0.35750000000000004,1.4378416485560692,10.751497005988025,0.30348672306714264,3.295037060908798,0.3783993783993784
0.8395989974937343,9,0.35750000000000004,1.4378416485560692,10.719402985074627,0.30348672306714264,3.295037060908798,0.3783993783993784
0.8421052631578947,9,0.36000000000000004,1.4346760325962737,10.6875,0.3044704861111111,3.2843905915894513,0.3773148148148149
0.8446115288220551,9,0.36000000000000004,1.4346760325962737,10.655786350148368,0.3044704861111111,3.2843905915894513,0.3773148148148149
0.8471177944862155,9,0.36000000000000004,1.4172331896533863,10.624260355029586,0.30637538580246915,3.2639697780576107,0.36882716049382713
0.849624060150376,9,0.36250000000000004,1.414215568062937,10.5929203539823,0.3073246135552913,3.253888416002477,0.3678160919540232
0.8521303258145363,9,0.36750000000000005,1.4500084861714966,10.561764705882354,0.2995279744550881,3.338586326767092,0.38095238095238115
0.8546365914786967,9,0.36750000000000005,1.4500084861714966,10.530791788856305,0.2995279744550881,3.338586326767092,0.38095238095238115
0.8571428571428571,9,0.36500000000000005,1.4348303978742767,10.5,0.3032933008069056,3.2971384377416864,0.37747336377473384
0.8596491228070176,9,0.36750000000000005,1.4317652223338257,10.46938775510204,0.3042482299042065,3.2867898699520883,0.3764172335600908
0.8621553884711779,9,0.36750000000000005,1.4317652223338257,10.438953488372094,0.3042482299042065,3.2867898699520883,0.3764172335600908
0.8646616541353384,9,0.36750000000000005,1.4317652223338257,10.408695652173913,0.3042482299042065,3.2867898699520883,0.3764172335600908
0.8671679197994987,9,0.37250000000000005,1.4318026784700717,10.378612716763007,0.30313949822080083,3.298811292719168,0.376584638329605
0.8696741854636592,9,0.375,1.446832530074094,10.348703170028818,0.29944444444444457,3.3395176252319096,0.3799999999999999
0.8721804511278195,9,0.375,1.446832530074094,10.318965517241379,0.29944444444444457,3.3395176252319096,0.3799999999999999
0.87468671679198,9,0.37750000000000006,1.4438275940192562,10.289398280802292,0.3003815622121836,3.3290991385603745,0.3789551140544518
0.8771929824561403,9,0.37750000000000006,1.4438275940192562,10.26,0.3003815622121836,3.3290991385603745,0.3789551140544518
0.8796992481203008,9,0.38,1.46203740506156,10.23076923076923,0.2966369459833796,3.3711242430874724,0.3852339181286548
0.8822055137844611,9,0.38499999999999995,1.4769602564052409,10.201704545454547,0.29391550008433126,3.4023384262248046,0.39321789321789313
0.8847117794486216,9,0.38749999999999996,1.4906176139042848,10.172804532577903,0.29048907388137357,3.4424702679466974,0.396415770609319
0.8872180451127819,9,0.38749999999999996,1.4754688395504185,10.14406779661017,0.292258064516129,3.4216335540838854,0.388530465949821
0.8897243107769424,9,0.38999999999999996,1.4724721904925726,10.11549295774648,0.2931870479947404,3.410791871058163,0.3874643874643875
0.8922305764411027,9,0.38999999999999996,1.4724721904925726,10.087078651685394,0.2931870479947404,3.410791871058163,0.3874643874643875
0.8947368421052632,9,0.38999999999999996,1.476558579882934,10.058823529411764,0.2930226824457594,3.412705090450147,0.3931623931623933
0.8972431077694235,9,0.39249999999999996,1.4735590337977895,10.030726256983241,0.2939470161061301,3.4019736388102957,0.39207360226468513
0.899749373433584,9,0.39249999999999996,1.4735590337977895,10.002785515320333,0.2939470161061301,3.4019736388102957,0.39207360226468513
0.9022556390977443,9,0.39499999999999996,1.4871003190050758,9.975000000000001,0.29057843294343855,3.441411634960022,0.3952180028129395
0.9047619047619048,9,0.39749999999999996,1.4840973780600848,9.947368421052632,0.29150350065266406,3.4304905353144717,0.3941299790356394
0.9072681704260651,9,0.39749999999999996,1.4690675745618247,9.919889502762432,0.2932637158340256,3.409900188831939,0.3864430468204052
0.9097744360902256,9,0.39999999999999997,1.4865307606412164,9.892561983471074,0.28978515625,3.4508323785131765,0.39513888888888893
0.9122807017543859,9,0.40249999999999997,1.483593000032557,9.865384615384617,0.2906909455653718,3.4400796284007953,0.39406487232574183
0.9147869674185464,9,0.40249999999999997,1.483593000032557,9.838356164383562,0.2906909455653718,3.4400796284007953,0.39406487232574183
0.9172932330827067,9,0.40249999999999997,1.483593000032557,9.811475409836065,0.2906909455653718,3.4400796284007953,0.39406487232574183
0.9197994987468672,9,0.40499999999999997,1.4962055185002148,9.784741144414168,0.2874752324340802,3.478560540791305,0.3971193415637859
0.9223057644110275,9,0.41,1.5090809368589526,9.758152173913045,0.28507956573468174,3.507792631235735,0.4017615176151761
0.924812030075188,9,0.4125,1.5112337473238906,9.731707317073171,0.2835078053259872,3.5272397486558265,0.40269360269360277
0.9273182957393483,9,0.41,1.4954931667722717,9.705405405405406,0.2867712671029149,3.4870997018021526,0.3970189701897018
0.9298245614035088,9,0.415,1.5083179227064383,9.679245283018869,0.28440267092466254,3.516141380630343,0.40160642570281135
0.9323308270676691,9,0.4125,1.49593629120626,9.653225806451614,0.28751147842056934,3.4781220057489617,0.3986531986531987
0.9348370927318296,9,0.415,1.5083179227064383,9.62734584450402,0.28440267092466254,3.516141380630343,0.40160642570281135
0.9373433583959899,9,0.42,1.5209307410486819,9.601604278074866,0.28210034013605445,3.5448379804069328,0.40873015873015883
0.9398496240601504,9,0.42,1.5209307410486819,9.576,0.28210034013605445,3.5448379804069328,0.40873015873015883
0.9423558897243107,9,0.42,1.5209307410486819,9.550531914893618,0.28210034013605445,3.5448379804069328,0.40873015873015883
0.9448621553884712,9,0.425,1.5200033244624531,9.525198938992043,0.2815051903114187,3.5523323704750784,0.40849673202614367
0.9473684210526315,9,0.425,1.5200033244624531,9.5,0.2815051903114187,3.5523323704750784,0.40849673202614367
0.949874686716792,9,0.43,1.5456300228735222,9.474934036939313,0.2755712547322877,3.6288255136461207,0.41666666666666674
0.9523809523809523,9,0.4325,1.5427282977500347,9.450000000000001,0.2764542751177787,3.617234711143341,0.41554271034039814
0.9548872180451128,9,0.4325,1.5427282977500347,9.4251968503937,0.2764542751177787,3.617234711143341,0.41554271034039814
0.9573934837092731,9,0.4325,1.5427282977500347,9.400523560209425,0.2764542751177787,3.617234711143341,0.41554271034039814
0.9598997493734336,9,0.435,1.5398460382366566,9.37597911227154,0.27733188003699294,3.605788126004884,0.4144316730523627
0.9624060150375939,9,0.44,1.5555168963995292,9.3515625,0.2730501033057851,3.6623315204540083,0.4229797979797978
0.9649122807017544,9,0.4425,1.5660757553054023,9.327272727272728,0.270340579016247,3.6990377235964336,0.4256120527306968
0.9674185463659147,9,0.445,1.5632094760214736,9.303108808290157,0.27120944325211466,3.6871872454323285,0.4244694132334581
0.9699248120300752,9,0.4425,1.5494349406376147,9.279069767441861,0.27407513805100703,3.648634484364992,0.41682360326428114
0.9724310776942355,9,0.44,1.538781531648402,9.255154639175258,0.2768272210743802,3.6123615160349853,0.41414141414141414
0.974937343358396,9,0.445,1.5656132429126108,9.231362467866324,0.2710831965660902,3.688904412620793,0.4269662921348314
0.9774436090225563,11,0.455,1.6324359954005643,11.253846153846155,0.263192851104939,3.7994952970864877,0.37262737262737256
0.9799498746867168,11,0.4575,1.6424110134906666,11.225063938618925,0.26066768192540835,3.83630219371098,0.3745653253849974
0.9824561403508771,11,0.46,1.6436063919248007,11.196428571428571,0.2595256379962193,3.8531838616058725,0.3750000000000002
0.9849624060150376,11,0.4625,1.6405517211949265,11.16793893129771,0.26039444850255655,3.840327648114902,0.3739557739557742
0.9874686716791979,11,0.4625,1.6405517211949265,11.139593908629442,0.26039444850255655,3.840327648114902,0.3739557739557742
0.9899749373433584,11,0.4625,1.6405517211949265,11.111392405063292,0.26039444850255655,3.840327648114902,0.3739557739557742
0.9924812030075187,13,0.4725,1.7040367131202339,13.09848484848485,0.25315640659556005,3.9501271701868848,0.3398453398453398
0.9949874686716792,11,0.4675,1.6469205611796793,11.055415617128464,0.2588292487631902,3.863550988841013,0.3748176956733107
0.9974937343358395,11,0.4675,1.6469205611796793,11.027638190954775,0.2588292487631902,3.863550988841013,0.3748176956733107
1.0,11,0.47250000000000003,1.6450143409200946,11.0,0.2586013829400073,3.866955345060893,0.37421837421837445
