K,f_locked,phi_simple,phi_entropy
0.000000,0.002500,0.002494,0.000044
0.002506,0.002500,0.002494,0.000044
0.005013,0.002500,0.002494,0.000044
0.007519,0.002500,0.002494,0.000044
0.010025,0.005000,0.004975,0.000157
0.012531,0.005000,0.004975,0.000157
0.015038,0.007500,0.007444,0.000331
0.017544,0.010000,0.009900,0.000560
0.020050,0.012500,0.012344,0.000840
0.022556,0.012500,0.012344,0.000840
0.025063,0.020000,0.019600,0.001961
0.027569,0.020000,0.019600,0.001961
0.030075,0.020000,0.019600,0.001961
0.032581,0.022500,0.021994,0.002421
0.035088,0.022500,0.021994,0.002421
0.037594,0.022500,0.021994,0.002421
0.040100,0.027500,0.026744,0.003463
0.042607,0.025000,0.024375,0.002923
0.045113,0.025000,0.024375,0.002923
0.047619,0.027500,0.026744,0.003463
0.050125,0.027500,0.026744,0.003463
0.052632,0.030000,0.029100,0.004042
0.055138,0.035000,0.033775,0.005310
0.057644,0.035000,0.033775,0.005310
0.060150,0.032500,0.031444,0.004658
0.062657,0.032500,0.031444,0.004658
0.065163,0.030000,0.029100,0.004042
0.067669,0.030000,0.029100,0.004042
0.070175,0.030000,0.029100,0.004042
0.072682,0.032500,0.031444,0.004658
0.075188,0.035000,0.033775,0.005310
0.077694,0.035000,0.033775,0.005310
0.080201,0.032500,0.031444,0.004658
0.082707,0.032500,0.031444,0.004658
0.085213,0.032500,0.031444,0.004658
0.087719,0.035000,0.033775,0.005310
0.090226,0.035000,0.033775,0.005310
0.092732,0.035000,0.033775,0.005310
0.095238,0.037500,0.036094,0.005997
0.097744,0.040000,0.038400,0.006718
0.100251,0.042500,0.040694,0.007472
0.102757,0.045000,0.042975,0.008258
0.105263,0.045000,0.042975,0.008258
0.107769,0.047500,0.045244,0.009077
0.110276,0.052500,0.049744,0.010805
0.112782,0.050000,0.047500,0.009926
0.115288,0.055000,0.051975,0.011714
0.117794,0.055000,0.051975,0.011714
0.120301,0.055000,0.051975,0.011714
0.122807,0.052500,0.049744,0.010805
0.125313,0.052500,0.049744,0.010805
0.127820,0.052500,0.049744,0.010805
0.130326,0.047500,0.045244,0.009077
0.132832,0.047500,0.045244,0.009077
0.135338,0.050000,0.047500,0.009926
0.137845,0.050000,0.047500,0.009926
0.140351,0.047500,0.045244,0.009077
0.142857,0.052500,0.049744,0.010805
0.145363,0.055000,0.051975,0.011714
0.147870,0.055000,0.051975,0.011714
0.150376,0.057500,0.054194,0.012652
0.152882,0.055000,0.051975,0.011714
0.155388,0.055000,0.051975,0.011714
0.157895,0.060000,0.056400,0.013618
0.160401,0.065000,0.060775,0.015633
0.162907,0.065000,0.060775,0.015633
0.165414,0.072500,0.067244,0.018854
0.167920,0.072500,0.067244,0.018854
0.170426,0.072500,0.067244,0.018854
0.172932,0.067500,0.062944,0.016681
0.175439,0.070000,0.065100,0.017755
0.177945,0.075000,0.069375,0.019979
0.180451,0.075000,0.069375,0.019979
0.182957,0.077500,0.071494,0.021128
0.185464,0.077500,0.071494,0.021128
0.187970,0.072500,0.067244,0.018854
0.190476,0.077500,0.071494,0.021128
0.192982,0.080000,0.073600,0.022302
0.195489,0.082500,0.075694,0.023499
0.197995,0.080000,0.073600,0.022302
0.200501,0.080000,0.073600,0.022302
0.203008,0.082500,0.075694,0.023499
0.205514,0.080000,0.073600,0.022302
0.208020,0.080000,0.073600,0.022302
0.210526,0.077500,0.071494,0.021128
0.213033,0.077500,0.071494,0.021128
0.215539,0.075000,0.069375,0.019979
0.218045,0.077500,0.071494,0.021128
0.220551,0.082500,0.075694,0.023499
0.223058,0.082500,0.075694,0.023499
0.225564,0.082500,0.075694,0.023499
0.228070,0.087500,0.079844,0.025963
0.230576,0.087500,0.079844,0.025963
0.233083,0.087500,0.079844,0.025963
0.235589,0.087500,0.079844,0.025963
0.238095,0.090000,0.081900,0.027228
0.240602,0.085000,0.077775,0.024719
0.243108,0.087500,0.079844,0.025963
0.245614,0.090000,0.081900,0.027228
0.248120,0.090000,0.081900,0.027228
0.250627,0.085000,0.077775,0.024719
0.253133,0.092500,0.083944,0.028516
0.255639,0.092500,0.083944,0.028516
0.258145,0.092500,0.083944,0.028516
0.260652,0.095000,0.085975,0.029826
0.263158,0.095000,0.085975,0.029826
0.265664,0.097500,0.087994,0.031157
0.268170,0.102500,0.091994,0.033881
0.270677,0.100000,0.090000,0.032508
0.273183,0.105000,0.093975,0.035273
0.275689,0.110000,0.097900,0.038117
0.278195,0.105000,0.093975,0.035273
0.280702,0.102500,0.091994,0.033881
0.283208,0.105000,0.093975,0.035273
0.285714,0.110000,0.097900,0.038117
0.288221,0.105000,0.093975,0.035273
0.290727,0.107500,0.095944,0.036685
0.293233,0.112500,0.099844,0.039567
0.295739,0.107500,0.095944,0.036685
0.298246,0.110000,0.097900,0.038117
0.300752,0.117500,0.103694,0.042525
0.303258,0.117500,0.103694,0.042525
0.305764,0.112500,0.099844,0.039567
0.308271,0.115000,0.101775,0.041037
0.310777,0.120000,0.105600,0.044031
0.313283,0.125000,0.109375,0.047096
0.315789,0.120000,0.105600,0.044031
0.318296,0.122500,0.107494,0.045555
0.320802,0.125000,0.109375,0.047096
0.323308,0.125000,0.109375,0.047096
0.325815,0.127500,0.111244,0.048655
0.328321,0.127500,0.111244,0.048655
0.330827,0.130000,0.113100,0.050230
0.333333,0.127500,0.111244,0.048655
0.335840,0.127500,0.111244,0.048655
0.338346,0.130000,0.113100,0.050230
0.340852,0.125000,0.109375,0.047096
0.343358,0.130000,0.113100,0.050230
0.345865,0.132500,0.114944,0.051822
0.348371,0.132500,0.114944,0.051822
0.350877,0.137500,0.118594,0.055055
0.353383,0.135000,0.116775,0.053431
0.355890,0.130000,0.113100,0.050230
0.358396,0.132500,0.114944,0.051822
0.360902,0.127500,0.111244,0.048655
0.363409,0.135000,0.116775,0.053431
0.365915,0.135000,0.116775,0.053431
0.368421,0.137500,0.118594,0.055055
0.370927,0.142500,0.122194,0.058350
0.373434,0.145000,0.123975,0.060021
0.375940,0.142500,0.122194,0.058350
0.378446,0.147500,0.125744,0.061706
0.380952,0.152500,0.129244,0.065121
0.383459,0.150000,0.127500,0.063406
0.385965,0.155000,0.130975,0.066849
0.388471,0.150000,0.127500,0.063406
0.390977,0.152500,0.129244,0.065121
0.393484,0.155000,0.130975,0.066849
0.395990,0.155000,0.130975,0.066849
0.398496,0.147500,0.125744,0.061706
0.401003,0.147500,0.125744,0.061706
0.403509,0.155000,0.130975,0.066849
0.406015,0.150000,0.127500,0.063406
0.408521,0.157500,0.132694,0.068591
0.411028,0.160000,0.134400,0.070347
0.413534,0.155000,0.130975,0.066849
0.416040,0.157500,0.132694,0.068591
0.418546,0.162500,0.136094,0.072116
0.421053,0.160000,0.134400,0.070347
0.423559,0.162500,0.136094,0.072116
0.426065,0.165000,0.137775,0.073898
0.428571,0.160000,0.134400,0.070347
0.431078,0.162500,0.136094,0.072116
0.433584,0.170000,0.141100,0.077501
0.436090,0.177500,0.145994,0.082996
0.438596,0.177500,0.145994,0.082996
0.441103,0.175000,0.144375,0.081152
0.443609,0.170000,0.141100,0.077501
0.446115,0.167500,0.139444,0.075693
0.448622,0.175000,0.144375,0.081152
0.451128,0.175000,0.144375,0.081152
0.453634,0.180000,0.147600,0.084851
0.456140,0.175000,0.144375,0.081152
0.458647,0.177500,0.145994,0.082996
0.461153,0.175000,0.144375,0.081152
0.463659,0.180000,0.147600,0.084851
0.466165,0.180000,0.147600,0.084851
0.468672,0.177500,0.145994,0.082996
0.471178,0.177500,0.145994,0.082996
0.473684,0.187500,0.152344,0.090483
0.476190,0.190000,0.153900,0.092382
0.478697,0.187500,0.152344,0.090483
0.481203,0.190000,0.153900,0.092382
0.483709,0.185000,0.150775,0.088595
0.486216,0.190000,0.153900,0.092382
0.488722,0.197500,0.158494,0.098141
0.491228,0.200000,0.160000,0.100080
0.493734,0.200000,0.160000,0.100080
0.496241,0.197500,0.158494,0.098141
0.498747,0.195000,0.156975,0.096212
0.501253,0.197500,0.158494,0.098141
0.503759,0.197500,0.158494,0.098141
0.506266,0.210000,0.165900,0.107931
0.508772,0.202500,0.161494,0.102029
0.511278,0.202500,0.161494,0.102029
0.513784,0.202500,0.161494,0.102029
0.516291,0.205000,0.162975,0.103988
0.518797,0.207500,0.164444,0.105955
0.521303,0.207500,0.164444,0.105955
0.523810,0.212500,0.167344,0.109916
0.526316,0.210000,0.165900,0.107931
0.528822,0.212500,0.167344,0.109916
0.531328,0.215000,0.168775,0.111909
0.533835,0.222500,0.172994,0.117937
0.536341,0.225000,0.174375,0.119962
0.538847,0.222500,0.172994,0.117937
0.541353,0.217500,0.170194,0.113910
0.543860,0.217500,0.170194,0.113910
0.546366,0.215000,0.168775,0.111909
0.548872,0.212500,0.167344,0.109916
0.551378,0.220000,0.171600,0.115920
0.553885,0.220000,0.171600,0.115920
0.556391,0.225000,0.174375,0.119962
0.558897,0.230000,0.177100,0.124034
0.561404,0.232500,0.178444,0.126080
0.563910,0.227500,0.175744,0.121994
0.566416,0.230000,0.177100,0.124034
0.568922,0.232500,0.178444,0.126080
0.571429,0.235000,0.179775,0.128133
0.573935,0.237500,0.181094,0.130193
0.576441,0.232500,0.178444,0.126080
0.578947,0.245000,0.184975,0.136410
0.581454,0.240000,0.182400,0.132259
0.583960,0.240000,0.182400,0.132259
0.586466,0.250000,0.187500,0.140584
0.588972,0.247500,0.186244,0.138494
0.591479,0.255000,0.189975,0.144779
0.593985,0.245000,0.184975,0.136410
0.596491,0.240000,0.182400,0.132259
0.598997,0.250000,0.187500,0.140584
0.601504,0.250000,0.187500,0.140584
0.604010,0.260000,0.192400,0.148995
0.606516,0.262500,0.193594,0.151110
0.609023,0.257500,0.191194,0.146885
0.611529,0.265000,0.194775,0.153229
0.614035,0.265000,0.194775,0.153229
0.616541,0.257500,0.191194,0.146885
0.619048,0.265000,0.194775,0.153229
0.621554,0.270000,0.197100,0.157480
0.624060,0.275000,0.199375,0.161746
0.626566,0.272500,0.198244,0.159611
0.629073,0.262500,0.193594,0.151110
0.631579,0.270000,0.197100,0.157480
0.634085,0.272500,0.198244,0.159611
0.636591,0.275000,0.199375,0.161746
0.639098,0.277500,0.200494,0.163885
0.641604,0.277500,0.200494,0.163885
0.644110,0.277500,0.200494,0.163885
0.646617,0.282500,0.202694,0.168172
0.649123,0.277500,0.200494,0.163885
0.651629,0.275000,0.199375,0.161746
0.654135,0.282500,0.202694,0.168172
0.656642,0.290000,0.205900,0.174624
0.659148,0.295000,0.207975,0.178938
0.661654,0.285000,0.203775,0.170320
0.664160,0.285000,0.203775,0.170320
0.666667,0.285000,0.203775,0.170320
0.669173,0.290000,0.205900,0.174624
0.671679,0.300000,0.210000,0.183259
0.674185,0.297500,0.208994,0.181098
0.676692,0.302500,0.210994,0.185423
0.679198,0.305000,0.211975,0.187588
0.681704,0.302500,0.210994,0.185423
0.684211,0.302500,0.210994,0.185423
0.686717,0.302500,0.210994,0.185423
0.689223,0.310000,0.213900,0.191921
0.691729,0.307500,0.212944,0.189754
0.694236,0.307500,0.212944,0.189754
0.696742,0.307500,0.212944,0.189754
0.699248,0.312500,0.214844,0.194089
0.701754,0.317500,0.216694,0.198428
0.704261,0.325000,0.219375,0.204939
0.706767,0.322500,0.218494,0.202769
0.709273,0.322500,0.218494,0.202769
0.711779,0.315000,0.215775,0.196259
0.714286,0.327500,0.220244,0.207109
0.716792,0.327500,0.220244,0.207109
0.719298,0.325000,0.219375,0.204939
0.721805,0.322500,0.218494,0.202769
0.724311,0.330000,0.221100,0.209279
0.726817,0.332500,0.221944,0.211448
0.729323,0.330000,0.221100,0.209279
0.731830,0.332500,0.221944,0.211448
0.734336,0.330000,0.221100,0.209279
0.736842,0.337500,0.223594,0.215785
0.739348,0.342500,0.225194,0.220118
0.741855,0.347500,0.226744,0.224445
0.744361,0.355000,0.228975,0.230923
0.746867,0.355000,0.228975,0.230923
0.749373,0.350000,0.227500,0.226606
0.751880,0.350000,0.227500,0.226606
0.754386,0.350000,0.227500,0.226606
0.756892,0.352500,0.228244,0.228766
0.759398,0.352500,0.228244,0.228766
0.761905,0.355000,0.228975,0.230923
0.764411,0.360000,0.230400,0.235231
0.766917,0.360000,0.230400,0.235231
0.769424,0.360000,0.230400,0.235231
0.771930,0.365000,0.231775,0.239528
0.774436,0.367500,0.232444,0.241672
0.776942,0.362500,0.231094,0.237381
0.779449,0.372500,0.233744,0.245952
0.781955,0.375000,0.234375,0.248086
0.784461,0.375000,0.234375,0.248086
0.786967,0.372500,0.233744,0.245952
0.789474,0.382500,0.236194,0.254468
0.791980,0.367500,0.232444,0.241672
0.794486,0.372500,0.233744,0.245952
0.796992,0.380000,0.235600,0.252344
0.799499,0.390000,0.237900,0.260812
0.802005,0.392500,0.238444,0.262917
0.804511,0.400000,0.240000,0.269205
0.807018,0.397500,0.239494,0.267114
0.809524,0.392500,0.238444,0.262917
0.812030,0.390000,0.237900,0.260812
0.814536,0.390000,0.237900,0.260812
0.817043,0.400000,0.240000,0.269205
0.819549,0.410000,0.241900,0.277512
0.822055,0.402500,0.240494,0.271290
0.824561,0.412500,0.242344,0.279574
0.827068,0.415000,0.242775,0.281630
0.829574,0.420000,0.243600,0.285723
0.832080,0.410000,0.241900,0.277512
0.834586,0.417500,0.243194,0.283680
0.837093,0.425000,0.244375,0.289788
0.839599,0.422500,0.243994,0.287759
0.842105,0.417500,0.243194,0.283680
0.844612,0.422500,0.243994,0.287759
0.847118,0.430000,0.245100,0.293825
0.849624,0.442500,0.246694,0.303785
0.852130,0.445000,0.246975,0.305753
0.854637,0.432500,0.245444,0.295833
0.857143,0.442500,0.246694,0.303785
0.859649,0.447500,0.247244,0.307712
0.862155,0.450000,0.247500,0.309662
0.864662,0.447500,0.247244,0.307712
0.867168,0.460000,0.248400,0.317374
0.869674,0.457500,0.248194,0.315460
0.872180,0.450000,0.247500,0.309662
0.874687,0.447500,0.247244,0.307712
0.877193,0.460000,0.248400,0.317374
0.879699,0.462500,0.248594,0.319279
0.882206,0.470000,0.249100,0.324933
0.884712,0.467500,0.248944,0.323058
0.887218,0.472500,0.249244,0.326797
0.889724,0.472500,0.249244,0.326797
0.892231,0.472500,0.249244,0.326797
0.894737,0.480000,0.249600,0.332327
0.897243,0.490000,0.249900,0.339544
0.899749,0.485000,0.249775,0.335958
0.902256,0.487500,0.249844,0.337757
0.904762,0.492500,0.249944,0.341320
0.907268,0.497500,0.249994,0.344835
0.909774,0.500000,0.250000,0.346574
0.912281,0.502500,0.249994,0.348300
0.914787,0.497500,0.249994,0.344835
0.917293,0.502500,0.249994,0.348300
0.919799,0.505000,0.249975,0.350014
0.922306,0.510000,0.249900,0.353403
0.924812,0.512500,0.249844,0.355078
0.927318,0.505000,0.249975,0.350014
0.929825,0.512500,0.249844,0.355078
0.932331,0.512500,0.249844,0.355078
0.934837,0.520000,0.249600,0.360020
0.937343,0.527500,0.249244,0.364837
0.939850,0.530000,0.249100,0.366413
0.942356,0.535000,0.248775,0.369522
0.944862,0.530000,0.249100,0.366413
0.947368,0.532500,0.248944,0.367975
0.949875,0.537500,0.248594,0.371053
0.952381,0.552500,0.247244,0.379913
0.954887,0.552500,0.247244,0.379913
0.957393,0.552500,0.247244,0.379913
0.959900,0.550000,0.247500,0.378476
0.962406,0.560000,0.246400,0.384121
0.964912,0.560000,0.246400,0.384121
0.967419,0.567500,0.245444,0.388174
0.969925,0.565000,0.245775,0.386840
0.972431,0.565000,0.245775,0.386840
0.974937,0.570000,0.245100,0.389490
0.977444,0.577500,0.243994,0.393327
0.979950,0.577500,0.243994,0.393327
0.982456,0.575000,0.244375,0.392066
0.984962,0.587500,0.242344,0.398181
0.987469,0.587500,0.242344,0.398181
0.989975,0.587500,0.242344,0.398181
0.992481,0.590000,0.241900,0.399347
0.994987,0.595000,0.240975,0.401617
0.997494,0.592500,0.241444,0.400492
1.000000,0.605000,0.238975,0.405914
