Omega,rho
0.000000,0.000000
0.000500,0.000000
0.001001,0.000000
0.001501,0.000000
0.002001,0.000000
0.002501,0.000000
0.003002,0.000000
0.003502,0.000000
0.004002,0.000000
0.004502,0.000000
0.005003,0.000000
0.005503,0.000000
0.006003,0.000000
0.006503,0.000000
0.007004,0.000000
0.007504,0.000000
0.008004,0.000000
0.008504,0.000000
0.009005,0.000000
0.009505,0.000000
0.010005,0.000000
0.010505,0.000000
0.011006,0.000000
0.011506,0.000000
0.012006,0.000000
0.012506,0.000000
0.013007,0.000000
0.013507,0.000000
0.014007,0.000000
0.014507,0.000000
0.015008,0.000000
0.015508,0.000000
0.016008,0.000000
0.016508,0.000000
0.017009,0.000000
0.017509,0.000000
0.018009,0.000000
0.018509,0.000000
0.019010,0.000000
0.019510,0.000000
0.020010,0.000000
0.020510,0.000000
0.021011,0.000000
0.021511,0.000000
0.022011,0.000000
0.022511,0.000000
0.023012,0.000000
0.023512,0.000000
0.024012,0.000000
0.024512,0.000000
0.025013,0.000000
0.025513,0.000000
0.026013,0.000000
0.026513,0.000000
0.027014,0.000000
0.027514,0.000000
0.028014,0.000000
0.028514,0.000000
0.029015,0.000000
0.029515,0.000000
0.030015,0.000000
0.030515,0.000000
0.031016,0.000000
0.031516,0.000000
0.032016,0.000000
0.032516,0.000000
0.033017,0.000000
0.033517,0.000000
0.034017,0.000000
0.034517,0.000000
0.035018,0.000000
0.035518,0.000000
0.036018,0.000000
0.036518,0.000000
0.037019,0.000000
0.037519,0.000000
0.038019,0.000000
0.038519,0.000000
0.039020,0.000000
0.039520,0.000000
0.040020,0.004037
0.040520,0.007895
0.041021,0.009901
0.041521,0.011925
0.042021,0.013506
0.042521,0.015031
0.043022,0.016469
0.043522,0.017821
0.044022,0.018891
0.044522,0.020019
0.045023,0.021043
0.045523,0.022049
0.046023,0.023053
0.046523,0.024051
0.047024,0.025047
0.047524,0.026037
0.048024,0.026842
0.048524,0.027872
0.049025,0.028864
0.049525,0.029522
0.050025,0.030451
0.050525,0.031079
0.051026,0.032015
0.051526,0.032864
0.052026,0.033573
0.052526,0.034430
0.053027,0.035059
0.053527,0.035831
0.054027,0.036673
0.054527,0.037429
0.055028,0.038054
0.055528,0.038846
0.056028,0.039518
0.056528,0.040136
0.057029,0.040876
0.057529,0.041727
0.058029,0.042380
0.058529,0.043025
0.059030,0.043828
0.059530,0.044438
0.060030,0.045043
0.060530,0.045832
0.061031,0.046440
0.061531,0.047039
0.062031,0.047816
0.062531,0.048404
0.063032,0.048999
0.063532,0.049726
0.064032,0.050252
0.064532,0.050859
0.065033,0.051549
0.065533,0.052106
0.066033,0.052825
0.066533,0.053475
0.067034,0.054054
0.067534,0.054803
0.068034,0.055338
0.068534,0.055878
0.069035,0.056539
0.069535,0.057091
0.070035,0.057822
0.070535,0.058431
0.071036,0.058982
0.071536,0.059602
0.072036,0.060116
0.072536,0.060819
0.073037,0.061441
0.073537,0.061990
0.074037,0.062595
0.074537,0.063109
0.075038,0.063816
0.075538,0.064414
0.076038,0.064922
0.076538,0.065535
0.077039,0.066080
0.077539,0.066797
0.078039,0.067296
0.078539,0.067834
0.079040,0.068478
0.079540,0.069040
0.080040,0.069661
0.080540,0.070128
0.081041,0.070810
0.081541,0.071393
0.082041,0.071877
0.082541,0.072499
0.083042,0.073056
0.083542,0.073700
0.084042,0.074144
0.084542,0.074808
0.085043,0.075388
0.085543,0.075868
0.086043,0.076488
0.086543,0.077043
0.087044,0.077639
0.087544,0.078114
0.088044,0.078795
0.088544,0.079300
0.089045,0.079827
0.089545,0.080451
0.090045,0.080972
0.090545,0.081534
0.091046,0.082071
0.091546,0.082719
0.092046,0.083151
0.092546,0.083801
0.093047,0.084345
0.093547,0.084838
0.094047,0.085456
0.094547,0.085979
0.095048,0.086532
0.095548,0.087068
0.096048,0.087692
0.096548,0.088134
0.097049,0.088791
0.097549,0.089285
0.098049,0.089821
0.098549,0.090425
0.099050,0.090906
0.099550,0.091489
0.100050,0.092033
0.100550,0.092583
0.101051,0.093088
0.101551,0.093733
0.102051,0.094161
0.102551,0.094794
0.103052,0.095308
0.103552,0.095824
0.104052,0.096424
0.104552,0.096901
0.105053,0.097482
0.105553,0.098019
0.106053,0.098557
0.106553,0.099076
0.107054,0.099685
0.107554,0.100129
0.108054,0.100774
0.108554,0.101227
0.109055,0.101805
0.109555,0.102364
0.110055,0.102842
0.110555,0.103440
0.111056,0.103929
0.111556,0.104491
0.112056,0.105026
0.112556,0.105560
0.113057,0.106076
0.113557,0.106670
0.114057,0.107122
0.114557,0.107759
0.115058,0.108197
0.115558,0.108795
0.116058,0.109313
0.116558,0.109823
0.117059,0.110406
0.117559,0.110874
0.118059,0.111458
0.118559,0.111964
0.119060,0.112505
0.119560,0.113038
0.120060,0.113571
0.120560,0.114080
0.121061,0.114667
0.121561,0.115121
0.122061,0.115747
0.122561,0.116181
0.123062,0.116786
0.123562,0.117274
0.124062,0.117811
0.124562,0.118370
0.125063,0.118845
0.125563,0.119429
0.126063,0.119905
0.126563,0.120470
0.127064,0.120985
0.127564,0.121514
0.128064,0.122043
0.128564,0.122574
0.129065,0.123080
0.129565,0.123655
0.130065,0.124116
0.130565,0.124730
0.131066,0.125164
0.131566,0.125772
0.132066,0.126233
0.132566,0.126798
0.133067,0.127319
0.133567,0.127823
0.134067,0.128389
0.134567,0.128859
0.135068,0.129435
0.135568,0.129915
0.136068,0.130471
0.136568,0.130983
0.137069,0.131509
0.137569,0.132036
0.138069,0.132558
0.138569,0.133071
0.139070,0.133622
0.139570,0.134102
0.140070,0.134692
0.140570,0.135137
0.141071,0.135745
0.141571,0.136184
0.142071,0.136777
0.142571,0.137246
0.143072,0.137799
0.143572,0.138318
0.144072,0.138822
0.144572,0.139380
0.145073,0.139853
0.145573,0.140423
0.146073,0.140896
0.146573,0.141456
0.147074,0.141951
0.147574,0.142487
0.148074,0.143006
0.148574,0.143523
0.149075,0.144046
0.149575,0.144567
0.150075,0.145075
0.150575,0.145622
0.151076,0.146102
0.151576,0.146680
0.152076,0.147132
0.152576,0.147729
0.153077,0.148168
0.153577,0.148762
0.154077,0.149215
0.154577,0.149786
0.155078,0.150272
0.155578,0.150806
0.156078,0.151331
0.156578,0.151828
0.157079,0.152381
0.157579,0.152855
0.158079,0.153418
0.158579,0.153891
0.159080,0.154447
0.159580,0.154935
0.160080,0.155475
0.160580,0.155983
0.161081,0.156503
0.161581,0.157023
0.162081,0.157536
0.162581,0.158054
0.163082,0.158575
0.163582,0.159079
0.164082,0.159621
0.164582,0.160103
0.165083,0.160670
0.165583,0.161128
0.166083,0.161714
0.166583,0.162157
0.167084,0.162747
0.167584,0.163193
0.168084,0.163771
0.168584,0.164235
0.169085,0.164791
0.169585,0.165283
0.170085,0.165809
0.170585,0.166331
0.171086,0.166828
0.171586,0.167373
0.172086,0.167851
0.172586,0.168407
0.173087,0.168880
0.173587,0.169434
0.174087,0.169914
0.174587,0.170458
0.175088,0.170952
0.175588,0.171481
0.176088,0.171991
0.176588,0.172506
0.177089,0.173024
0.177589,0.173534
0.178089,0.174051
0.178589,0.174566
0.179090,0.175074
0.179590,0.175603
0.180090,0.176094
0.180590,0.176642
0.181091,0.177114
0.181591,0.177681
0.182091,0.178137
0.182591,0.178716
0.183092,0.179162
0.183592,0.179744
0.184092,0.180192
0.184592,0.180766
0.185093,0.181226
0.185593,0.181784
0.186093,0.182264
0.186593,0.182800
0.187094,0.183303
0.187594,0.183817
0.188094,0.184342
0.188594,0.184834
0.189095,0.185376
0.189595,0.185855
0.190095,0.186404
0.190595,0.186878
0.191096,0.187427
0.191596,0.187906
0.192096,0.188448
0.192596,0.188936
0.193097,0.189468
0.193597,0.189968
0.194097,0.190489
0.194597,0.190999
0.195098,0.191510
0.195598,0.192027
0.196098,0.192534
0.196598,0.193050
0.197099,0.193560
0.197599,0.194069
0.198099,0.194589
0.198599,0.195087
0.199100,0.195620
0.199600,0.196104
0.200100,0.196653
0.200600,0.197122
0.201101,0.197684
0.201601,0.198141
0.202101,0.198713
0.202601,0.199163
0.203102,0.199737
0.203602,0.200186
0.204102,0.200757
0.204602,0.201213
0.205103,0.201774
0.205603,0.202242
0.206103,0.202789
0.206603,0.203273
0.207104,0.203803
0.207604,0.204305
0.208104,0.204818
0.208604,0.205337
0.209105,0.205833
0.209605,0.206365
0.210105,0.206850
0.210605,0.207390
0.211106,0.207869
0.211606,0.208412
0.212106,0.208889
0.212606,0.209431
0.213107,0.209913
0.213607,0.210449
0.214107,0.210937
0.214607,0.211466
0.215108,0.211963
0.215608,0.212483
0.216108,0.212989
0.216608,0.213501
0.217109,0.214013
0.217609,0.214520
0.218109,0.215035
0.218609,0.215540
0.219110,0.216054
0.219610,0.216562
0.220110,0.217070
0.220610,0.217585
0.221111,0.218085
0.221611,0.218610
0.222111,0.219100
0.222611,0.219636
0.223112,0.220115
0.223612,0.220662
0.224112,0.221130
0.224612,0.221688
0.225113,0.222147
0.225613,0.222711
0.226113,0.223164
0.226613,0.223732
0.227114,0.224184
0.227614,0.224750
0.228114,0.225204
0.228614,0.225765
0.229115,0.226227
0.229615,0.226779
0.230115,0.227251
0.230615,0.227792
0.231116,0.228276
0.231616,0.228805
0.232116,0.229302
0.232616,0.229817
0.233117,0.230328
0.233617,0.230830
0.234117,0.231352
0.234617,0.231844
0.235118,0.232374
0.235618,0.232859
0.236118,0.233394
0.236618,0.233875
0.237119,0.234412
0.237619,0.234892
0.238119,0.235429
0.238619,0.235911
0.239120,0.236444
0.239620,0.236931
0.240120,0.237459
0.240620,0.237951
0.241121,0.238473
0.241621,0.238972
0.242121,0.239488
0.242621,0.239993
0.243122,0.240502
0.243622,0.241013
0.244122,0.241518
0.244622,0.242031
0.245123,0.242535
0.245623,0.243048
0.246123,0.243552
0.246623,0.244063
0.247124,0.244570
0.247624,0.245076
0.248124,0.245589
0.248624,0.246089
0.249125,0.246610
0.249625,0.247102
0.250125,0.247631
0.250625,0.248114
0.251126,0.248652
0.251626,0.249127
0.252126,0.249673
0.252626,0.250143
0.253127,0.250693
0.253627,0.251153
0.254127,0.251711
0.254627,0.252168
0.255128,0.252728
0.255628,0.253184
0.256128,0.253744
0.256628,0.254201
0.257129,0.254758
0.257629,0.255219
0.258129,0.255771
0.258629,0.256237
0.259130,0.256783
0.259630,0.257257
0.260130,0.257794
0.260630,0.258277
0.261131,0.258805
0.261631,0.259298
0.262131,0.259816
0.262631,0.260319
0.263132,0.260827
0.263632,0.261339
0.264132,0.261839
0.264632,0.262359
0.265133,0.262850
0.265633,0.263377
0.266133,0.263863
0.266633,0.264393
0.267134,0.264876
0.267634,0.265409
0.268134,0.265891
0.268634,0.266423
0.269135,0.266906
0.269635,0.267436
0.270135,0.267921
0.270635,0.268448
0.271136,0.268937
0.271636,0.269461
0.272136,0.269954
0.272636,0.270473
0.273137,0.270971
0.273637,0.271485
0.274137,0.271988
0.274637,0.272498
0.275138,0.273005
0.275638,0.273510
0.276138,0.274021
0.276638,0.274524
0.277139,0.275036
0.277639,0.275537
0.278139,0.276050
0.278639,0.276552
0.279140,0.277063
0.279640,0.277567
0.280140,0.278074
0.280640,0.278582
0.281141,0.279086
0.281641,0.279598
0.282141,0.280096
0.282641,0.280615
0.283142,0.281107
0.283642,0.281632
0.284142,0.282117
0.284642,0.282649
0.285143,0.283128
0.285643,0.283666
0.286143,0.284139
0.286643,0.284683
0.287144,0.285151
0.287644,0.285700
0.288144,0.286162
0.288644,0.286715
0.289145,0.287175
0.289645,0.287730
0.290145,0.288187
0.290645,0.288743
0.291146,0.289201
0.291646,0.289755
0.292146,0.290215
0.292646,0.290766
0.293147,0.291230
0.293647,0.291777
0.294147,0.292246
0.294647,0.292787
0.295148,0.293262
0.295648,0.293796
0.296148,0.294278
0.296648,0.294806
0.297149,0.295295
0.297649,0.295816
0.298149,0.296312
0.298649,0.296825
0.299150,0.297329
0.299650,0.297835
0.300150,0.298345
0.300650,0.298845
0.301151,0.299361
0.301651,0.299855
0.302151,0.300376
0.302651,0.300866
0.303152,0.301391
0.303652,0.301877
0.304152,0.302404
0.304652,0.302889
0.305153,0.303416
0.305653,0.303901
0.306153,0.304428
0.306653,0.304914
0.307154,0.305439
0.307654,0.305927
0.308154,0.306449
0.308654,0.306940
0.309155,0.307460
0.309655,0.307954
0.310155,0.308471
0.310655,0.308968
0.311156,0.309481
0.311656,0.309982
0.312156,0.310492
0.312656,0.310996
0.313157,0.311502
0.313657,0.312010
0.314157,0.312513
0.314657,0.313024
0.315158,0.313524
0.315658,0.314037
0.316158,0.314536
0.316658,0.315049
0.317159,0.315548
0.317659,0.316060
0.318159,0.316560
0.318659,0.317071
0.319160,0.317573
0.319660,0.318080
0.320160,0.318586
0.320660,0.319090
0.321161,0.319600
0.321661,0.320099
0.322161,0.320614
0.322661,0.321108
0.323162,0.321629
0.323662,0.322117
0.324162,0.322643
0.324662,0.323127
0.325163,0.323657
0.325663,0.324136
0.326163,0.324672
0.326663,0.325146
0.327164,0.325687
0.327664,0.326156
0.328164,0.326702
0.328664,0.327167
0.329165,0.327717
0.329665,0.328177
0.330165,0.328732
0.330665,0.329189
0.331166,0.329746
0.331666,0.330204
0.332166,0.330759
0.332666,0.331225
0.333167,0.331770
0.333667,0.332269
0.334167,0.332813
0.334667,0.333329
0.335168,0.333652
0.335668,0.334210
0.336168,0.334757
0.336668,0.335231
0.337169,0.335783
0.337669,0.336248
0.338169,0.336796
0.338669,0.337266
0.339170,0.337805
0.339670,0.338283
0.340170,0.338814
0.340670,0.339300
0.341171,0.339822
0.341671,0.340316
0.342171,0.340831
0.342671,0.341331
0.343172,0.341840
0.343672,0.342345
0.344172,0.342849
0.344672,0.343359
0.345173,0.343858
0.345673,0.344372
0.346173,0.344868
0.346673,0.345385
0.347174,0.345878
0.347674,0.346397
0.348174,0.346888
0.348674,0.347408
0.349175,0.347897
0.349675,0.348420
0.350175,0.348907
0.350675,0.349430
0.351176,0.349918
0.351676,0.350440
0.352176,0.350928
0.352676,0.351450
0.353177,0.351940
0.353677,0.352459
0.354177,0.352951
0.354677,0.353468
0.355178,0.353963
0.355678,0.354477
0.356178,0.354975
0.356678,0.355486
0.357179,0.355988
0.357679,0.356495
0.358179,0.357000
0.358679,0.357504
0.359180,0.358012
0.359680,0.358514
0.360180,0.359023
0.360680,0.359524
0.361181,0.360034
0.361681,0.360534
0.362181,0.361045
0.362681,0.361544
0.363182,0.362055
0.363682,0.362554
0.364182,0.363065
0.364682,0.363565
0.365183,0.364075
0.365683,0.364575
0.366183,0.365084
0.366683,0.365586
0.367184,0.366092
0.367684,0.366597
0.368184,0.367101
0.368684,0.367608
0.369185,0.368109
0.369685,0.368620
0.370185,0.369116
0.370685,0.369632
0.371186,0.370124
0.371686,0.370644
0.372186,0.371132
0.372686,0.371656
0.373187,0.372140
0.373687,0.372669
0.374187,0.373148
0.374687,0.373681
0.375188,0.374156
0.375688,0.374693
0.376188,0.375165
0.376688,0.375705
0.377189,0.376174
0.377689,0.376717
0.378189,0.377183
0.378689,0.377728
0.379190,0.378192
0.379690,0.378739
0.380190,0.379202
0.380690,0.379749
0.381191,0.380212
0.381691,0.380758
0.382191,0.381222
0.382691,0.381767
0.383192,0.382232
0.383692,0.382776
0.384192,0.383243
0.384692,0.383785
0.385193,0.384254
0.385693,0.384793
0.386193,0.385265
0.386693,0.385800
0.387194,0.386276
0.387694,0.386808
0.388194,0.387288
0.388694,0.387816
0.389195,0.388300
0.389695,0.388823
0.390195,0.389313
0.390695,0.389831
0.391196,0.390325
0.391696,0.390838
0.392196,0.391337
0.392696,0.391846
0.393197,0.392350
0.393697,0.392854
0.394197,0.393362
0.394697,0.393863
0.395198,0.394373
0.395698,0.394871
0.396198,0.395385
0.396698,0.395880
0.397199,0.396396
0.397699,0.396889
0.398199,0.397406
0.398699,0.397897
0.399200,0.398416
0.399700,0.398906
0.400200,0.399426
0.400700,0.399914
0.401201,0.400435
0.401701,0.400925
0.402201,0.401444
0.402701,0.401935
0.403202,0.402452
0.403702,0.402944
0.404202,0.403461
0.404702,0.403954
0.405203,0.404469
0.405703,0.404965
0.406203,0.405477
0.406703,0.405975
0.407204,0.406485
0.407704,0.406986
0.408204,0.407493
0.408704,0.407997
0.409205,0.408502
0.409705,0.409008
0.410205,0.409510
0.410705,0.410019
0.411206,0.410519
0.411706,0.411029
0.412206,0.411528
0.412706,0.412040
0.413207,0.412537
0.413707,0.413050
0.414207,0.413547
0.414707,0.414059
0.415208,0.414556
0.415708,0.415068
0.416208,0.415566
0.416708,0.416077
0.417209,0.416575
0.417709,0.417086
0.418209,0.417585
0.418709,0.418094
0.419210,0.418595
0.419710,0.419101
0.420210,0.419605
0.420710,0.420109
0.421211,0.420615
0.421711,0.421116
0.422211,0.421626
0.422711,0.422123
0.423212,0.422637
0.423712,0.423130
0.424212,0.423648
0.424712,0.424138
0.425213,0.424659
0.425713,0.425145
0.426213,0.425670
0.426713,0.426152
0.427214,0.426682
0.427714,0.427160
0.428214,0.427694
0.428714,0.428168
0.429215,0.428705
0.429715,0.429177
0.430215,0.429716
0.430715,0.430185
0.431216,0.430727
0.431716,0.431194
0.432216,0.431738
0.432716,0.432204
0.433217,0.432748
0.433717,0.433213
0.434217,0.433758
0.434717,0.434222
0.435218,0.434767
0.435718,0.435232
0.436218,0.435776
0.436718,0.436242
0.437219,0.436784
0.437719,0.437252
0.438219,0.437792
0.438719,0.438262
0.439220,0.438800
0.439720,0.439273
0.440220,0.439807
0.440720,0.440284
0.441221,0.440815
0.441721,0.441295
0.442221,0.441822
0.442721,0.442307
0.443222,0.442830
0.443722,0.443319
0.444222,0.443837
0.444722,0.444331
0.445223,0.444846
0.445723,0.445344
0.446223,0.445854
0.446723,0.446356
0.447224,0.446863
0.447724,0.447369
0.448224,0.447871
0.448724,0.448381
0.449225,0.448881
0.449725,0.449393
0.450225,0.449890
0.450725,0.450404
0.451226,0.450899
0.451726,0.451415
0.452226,0.451909
0.452726,0.452426
0.453227,0.452918
0.453727,0.453435
0.454227,0.453928
0.454727,0.454445
0.455228,0.454938
0.455728,0.455454
0.456228,0.455948
0.456728,0.456463
0.457229,0.456958
0.457729,0.457471
0.458229,0.457969
0.458729,0.458480
0.459230,0.458980
0.459730,0.459489
0.460230,0.459991
0.460730,0.460498
0.461231,0.461003
0.461731,0.461507
0.462231,0.462016
0.462731,0.462518
0.463232,0.463029
0.463732,0.463528
0.464232,0.464041
0.464732,0.464539
0.465233,0.465054
0.465733,0.465551
0.466233,0.466066
0.466733,0.466562
0.467234,0.467077
0.467734,0.467574
0.468234,0.468088
0.468734,0.468585
0.469235,0.469097
0.469735,0.469597
0.470235,0.470106
0.470735,0.470609
0.471236,0.471115
0.471736,0.471621
0.472236,0.472123
0.472736,0.472634
0.473237,0.473131
0.473737,0.473647
0.474237,0.474140
0.474737,0.474662
0.475238,0.475150
0.475738,0.475678
0.476238,0.476161
0.476738,0.476696
0.477239,0.477174
0.477739,0.477715
0.478239,0.478189
0.478739,0.478734
0.479240,0.479205
0.479740,0.479752
0.480240,0.480221
0.480740,0.480769
0.481241,0.481238
0.481741,0.481783
0.482241,0.482255
0.482741,0.482797
0.483242,0.483274
0.483742,0.483810
0.484242,0.484295
0.484742,0.484826
0.485243,0.485322
0.485743,0.485847
0.486243,0.486358
0.486743,0.486876
0.487244,0.487399
0.487744,0.487909
0.488244,0.488435
0.488744,0.488940
0.489245,0.489463
0.489745,0.489970
0.490245,0.490491
0.490745,0.491015
0.491246,0.491542
0.491746,0.492086
0.492246,0.492600
0.492746,0.493112
0.493247,0.493648
0.493747,0.494188
0.494247,0.494777
0.494747,0.495301
0.495248,0.495941
0.495748,0.496521
0.496248,0.497088
0.496748,0.497926
0.497249,0.498772
0.497749,0.500000
0.498249,0.500000
0.498749,0.500000
0.499250,0.500000
0.499750,0.500000
0.500250,0.500000
0.500750,0.500000
0.501251,0.500000
0.501751,0.500000
0.502251,0.500000
0.502751,0.501228
0.503252,0.502074
0.503752,0.502912
0.504252,0.503479
0.504752,0.504059
0.505253,0.504699
0.505753,0.505223
0.506253,0.505812
0.506753,0.506352
0.507254,0.506888
0.507754,0.507400
0.508254,0.507914
0.508754,0.508458
0.509255,0.508985
0.509755,0.509509
0.510255,0.510030
0.510755,0.510537
0.511256,0.511060
0.511756,0.511565
0.512256,0.512091
0.512756,0.512601
0.513257,0.513124
0.513757,0.513642
0.514257,0.514153
0.514757,0.514678
0.515258,0.515174
0.515758,0.515705
0.516258,0.516190
0.516758,0.516726
0.517259,0.517203
0.517759,0.517745
0.518259,0.518217
0.518759,0.518762
0.519260,0.519231
0.519760,0.519779
0.520260,0.520248
0.520760,0.520795
0.521261,0.521266
0.521761,0.521811
0.522261,0.522285
0.522761,0.522826
0.523262,0.523304
0.523762,0.523839
0.524262,0.524322
0.524762,0.524850
0.525263,0.525338
0.525763,0.525860
0.526263,0.526353
0.526763,0.526869
0.527264,0.527366
0.527764,0.527877
0.528264,0.528379
0.528764,0.528885
0.529265,0.529391
0.529765,0.529894
0.530265,0.530403
0.530765,0.530903
0.531266,0.531415
0.531766,0.531912
0.532266,0.532426
0.532766,0.532923
0.533267,0.533438
0.533767,0.533934
0.534267,0.534449
0.534767,0.534946
0.535268,0.535461
0.535768,0.535959
0.536268,0.536472
0.536768,0.536971
0.537269,0.537482
0.537769,0.537984
0.538269,0.538493
0.538769,0.538997
0.539270,0.539502
0.539770,0.540009
0.540270,0.540511
0.540770,0.541020
0.541271,0.541520
0.541771,0.542031
0.542271,0.542529
0.542771,0.543042
0.543272,0.543537
0.543772,0.544052
0.544272,0.544546
0.544772,0.545062
0.545273,0.545555
0.545773,0.546072
0.546273,0.546565
0.546773,0.547082
0.547274,0.547574
0.547774,0.548091
0.548274,0.548585
0.548774,0.549101
0.549275,0.549596
0.549775,0.550110
0.550275,0.550607
0.550775,0.551119
0.551276,0.551619
0.551776,0.552129
0.552276,0.552631
0.552776,0.553137
0.553277,0.553644
0.553777,0.554146
0.554277,0.554656
0.554777,0.555154
0.555278,0.555669
0.555778,0.556163
0.556278,0.556681
0.556778,0.557170
0.557279,0.557693
0.557779,0.558178
0.558279,0.558705
0.558779,0.559185
0.559280,0.559716
0.559780,0.560193
0.560280,0.560727
0.560780,0.561200
0.561281,0.561738
0.561781,0.562208
0.562281,0.562748
0.562781,0.563216
0.563282,0.563758
0.563782,0.564224
0.564282,0.564768
0.564782,0.565233
0.565283,0.565778
0.565783,0.566242
0.566283,0.566787
0.566783,0.567252
0.567284,0.567796
0.567784,0.568262
0.568284,0.568806
0.568784,0.569273
0.569285,0.569815
0.569785,0.570284
0.570285,0.570823
0.570785,0.571295
0.571286,0.571832
0.571786,0.572306
0.572286,0.572840
0.572786,0.573318
0.573287,0.573848
0.573787,0.574330
0.574287,0.574855
0.574787,0.575341
0.575288,0.575862
0.575788,0.576352
0.576288,0.576870
0.576788,0.577363
0.577289,0.577877
0.577789,0.578374
0.578289,0.578884
0.578789,0.579385
0.579290,0.579891
0.579790,0.580395
0.580290,0.580899
0.580790,0.581405
0.581291,0.581906
0.581791,0.582415
0.582291,0.582914
0.582791,0.583425
0.583292,0.583923
0.583792,0.584434
0.584292,0.584932
0.584792,0.585444
0.585293,0.585941
0.585793,0.586453
0.586293,0.586950
0.586793,0.587463
0.587294,0.587960
0.587794,0.588472
0.588294,0.588971
0.588794,0.589481
0.589295,0.589981
0.589795,0.590490
0.590295,0.590992
0.590795,0.591498
0.591296,0.592003
0.591796,0.592507
0.592296,0.593014
0.592796,0.593515
0.593297,0.594025
0.593797,0.594523
0.594297,0.595035
0.594797,0.595531
0.595298,0.596046
0.595798,0.596539
0.596298,0.597056
0.596798,0.597548
0.597299,0.598065
0.597799,0.598556
0.598299,0.599075
0.598799,0.599565
0.599300,0.600086
0.599800,0.600574
0.600300,0.601094
0.600800,0.601584
0.601301,0.602103
0.601801,0.602594
0.602301,0.603111
0.602801,0.603604
0.603302,0.604120
0.603802,0.604615
0.604302,0.605129
0.604802,0.605627
0.605303,0.606137
0.605803,0.606638
0.606303,0.607146
0.606803,0.607650
0.607304,0.608154
0.607804,0.608663
0.608304,0.609162
0.608804,0.609675
0.609305,0.610169
0.609805,0.610687
0.610305,0.611177
0.610805,0.611700
0.611306,0.612184
0.611806,0.612712
0.612306,0.613192
0.612806,0.613724
0.613307,0.614200
0.613807,0.614735
0.614307,0.615207
0.614807,0.615746
0.615308,0.616215
0.615808,0.616757
0.616308,0.617224
0.616808,0.617768
0.617309,0.618233
0.617809,0.618778
0.618309,0.619242
0.618809,0.619788
0.619310,0.620251
0.619810,0.620798
0.620310,0.621261
0.620810,0.621808
0.621311,0.622272
0.621811,0.622817
0.622311,0.623283
0.622811,0.623826
0.623312,0.624295
0.623812,0.624835
0.624312,0.625307
0.624812,0.625844
0.625313,0.626319
0.625813,0.626852
0.626313,0.627331
0.626813,0.627860
0.627314,0.628344
0.627814,0.628868
0.628314,0.629356
0.628814,0.629876
0.629315,0.630368
0.629815,0.630884
0.630315,0.631380
0.630815,0.631891
0.631316,0.632392
0.631816,0.632899
0.632316,0.633403
0.632816,0.633908
0.633317,0.634414
0.633817,0.634916
0.634317,0.635425
0.634817,0.635925
0.635318,0.636435
0.635818,0.636935
0.636318,0.637446
0.636818,0.637945
0.637319,0.638456
0.637819,0.638955
0.638319,0.639466
0.638819,0.639966
0.639320,0.640476
0.639820,0.640977
0.640320,0.641486
0.640820,0.641988
0.641321,0.642496
0.641821,0.643000
0.642321,0.643505
0.642821,0.644012
0.643322,0.644514
0.643822,0.645025
0.644322,0.645523
0.644822,0.646037
0.645323,0.646532
0.645823,0.647049
0.646323,0.647541
0.646823,0.648060
0.647324,0.648550
0.647824,0.649072
0.648324,0.649560
0.648824,0.650082
0.649325,0.650570
0.649825,0.651093
0.650325,0.651580
0.650825,0.652103
0.651326,0.652592
0.651826,0.653112
0.652326,0.653603
0.652826,0.654122
0.653327,0.654615
0.653827,0.655132
0.654327,0.655628
0.654827,0.656142
0.655328,0.656641
0.655828,0.657151
0.656328,0.657655
0.656828,0.658160
0.657329,0.658669
0.657829,0.659169
0.658329,0.659684
0.658829,0.660178
0.659330,0.660700
0.659830,0.661186
0.660330,0.661717
0.660830,0.662195
0.661331,0.662734
0.661831,0.663204
0.662331,0.663752
0.662831,0.664217
0.663332,0.664769
0.663832,0.665243
0.664332,0.665790
0.664832,0.666348
0.665333,0.666671
0.665833,0.667187
0.666333,0.667731
0.666833,0.668230
0.667334,0.668775
0.667834,0.669241
0.668334,0.669796
0.668834,0.670254
0.669335,0.670811
0.669835,0.671268
0.670335,0.671823
0.670835,0.672283
0.671336,0.672833
0.671836,0.673298
0.672336,0.673844
0.672836,0.674313
0.673337,0.674854
0.673837,0.675328
0.674337,0.675864
0.674837,0.676343
0.675338,0.676873
0.675838,0.677357
0.676338,0.677883
0.676838,0.678371
0.677339,0.678892
0.677839,0.679386
0.678339,0.679901
0.678839,0.680400
0.679340,0.680910
0.679840,0.681414
0.680340,0.681920
0.680840,0.682427
0.681341,0.682929
0.681841,0.683440
0.682341,0.683940
0.682841,0.684452
0.683342,0.684951
0.683842,0.685464
0.684342,0.685963
0.684842,0.686476
0.685343,0.686976
0.685843,0.687487
0.686343,0.687990
0.686843,0.688498
0.687344,0.689004
0.687844,0.689508
0.688344,0.690018
0.688844,0.690519
0.689345,0.691032
0.689845,0.691529
0.690345,0.692046
0.690845,0.692540
0.691346,0.693060
0.691846,0.693551
0.692346,0.694073
0.692846,0.694561
0.693347,0.695086
0.693847,0.695572
0.694347,0.696099
0.694847,0.696584
0.695348,0.697111
0.695848,0.697596
0.696348,0.698123
0.696848,0.698609
0.697349,0.699134
0.697849,0.699624
0.698349,0.700145
0.698849,0.700639
0.699350,0.701155
0.699850,0.701655
0.700350,0.702165
0.700850,0.702671
0.701351,0.703175
0.701851,0.703688
0.702351,0.704184
0.702851,0.704705
0.703352,0.705194
0.703852,0.705722
0.704352,0.706204
0.704852,0.706738
0.705353,0.707213
0.705853,0.707754
0.706353,0.708223
0.706853,0.708770
0.707354,0.709234
0.707854,0.709785
0.708354,0.710245
0.708854,0.710799
0.709355,0.711257
0.709855,0.711813
0.710355,0.712270
0.710855,0.712825
0.711356,0.713285
0.711856,0.713838
0.712356,0.714300
0.712856,0.714849
0.713357,0.715317
0.713857,0.715861
0.714357,0.716334
0.714857,0.716872
0.715358,0.717351
0.715858,0.717883
0.716358,0.718368
0.716858,0.718893
0.717359,0.719385
0.717859,0.719904
0.718359,0.720402
0.718859,0.720914
0.719360,0.721418
0.719860,0.721926
0.720360,0.722433
0.720860,0.722937
0.721361,0.723448
0.721861,0.723950
0.722361,0.724463
0.722861,0.724964
0.723362,0.725476
0.723862,0.725979
0.724362,0.726490
0.724862,0.726995
0.725363,0.727502
0.725863,0.728012
0.726363,0.728515
0.726863,0.729029
0.727364,0.729527
0.727864,0.730046
0.728364,0.730539
0.728864,0.731063
0.729365,0.731552
0.729865,0.732079
0.730365,0.732564
0.730865,0.733094
0.731366,0.733577
0.731866,0.734109
0.732366,0.734591
0.732866,0.735124
0.733367,0.735607
0.733867,0.736137
0.734367,0.736623
0.734867,0.737150
0.735368,0.737641
0.735868,0.738161
0.736368,0.738661
0.736868,0.739173
0.737369,0.739681
0.737869,0.740184
0.738369,0.740702
0.738869,0.741195
0.739370,0.741723
0.739870,0.742206
0.740370,0.742743
0.740870,0.743217
0.741371,0.743763
0.741871,0.744229
0.742371,0.744781
0.742871,0.745242
0.743372,0.745799
0.743872,0.746256
0.744372,0.746816
0.744872,0.747272
0.745373,0.747832
0.745873,0.748289
0.746373,0.748847
0.746873,0.749307
0.747374,0.749857
0.747874,0.750327
0.748374,0.750873
0.748874,0.751348
0.749375,0.751886
0.749875,0.752369
0.750375,0.752898
0.750875,0.753390
0.751376,0.753911
0.751876,0.754411
0.752376,0.754924
0.752876,0.755430
0.753377,0.755937
0.753877,0.756448
0.754377,0.756952
0.754877,0.757465
0.755378,0.757969
0.755878,0.758482
0.756378,0.758987
0.756878,0.759498
0.757379,0.760007
0.757879,0.760512
0.758379,0.761028
0.758879,0.761527
0.759380,0.762049
0.759880,0.762541
0.760380,0.763069
0.760880,0.763556
0.761381,0.764089
0.761881,0.764571
0.762381,0.765108
0.762881,0.765588
0.763382,0.766125
0.763882,0.766606
0.764382,0.767141
0.764882,0.767626
0.765383,0.768156
0.765883,0.768648
0.766383,0.769170
0.766883,0.769672
0.767384,0.770183
0.767884,0.770698
0.768384,0.771195
0.768884,0.771724
0.769385,0.772208
0.769885,0.772749
0.770385,0.773221
0.770885,0.773773
0.771386,0.774235
0.771886,0.774796
0.772386,0.775250
0.772886,0.775816
0.773387,0.776268
0.773887,0.776836
0.774387,0.777289
0.774887,0.777853
0.775388,0.778312
0.775888,0.778870
0.776388,0.779338
0.776888,0.779885
0.777389,0.780364
0.777889,0.780900
0.778389,0.781390
0.778889,0.781915
0.779390,0.782415
0.779890,0.782930
0.780390,0.783438
0.780890,0.783946
0.781391,0.784460
0.781891,0.784965
0.782391,0.785480
0.782891,0.785987
0.783392,0.786499
0.783892,0.787011
0.784392,0.787517
0.784892,0.788037
0.785393,0.788534
0.785893,0.789063
0.786393,0.789551
0.786893,0.790087
0.787394,0.790569
0.787894,0.791111
0.788394,0.791588
0.788894,0.792131
0.789395,0.792610
0.789895,0.793150
0.790395,0.793635
0.790895,0.794167
0.791396,0.794663
0.791896,0.795182
0.792396,0.795695
0.792896,0.796197
0.793397,0.796727
0.793897,0.797211
0.794397,0.797758
0.794897,0.798226
0.795398,0.798787
0.795898,0.799243
0.796398,0.799814
0.796898,0.800263
0.797399,0.800837
0.797899,0.801287
0.798399,0.801859
0.798899,0.802316
0.799400,0.802878
0.799900,0.803347
0.800400,0.803896
0.800900,0.804380
0.801401,0.804913
0.801901,0.805411
0.802401,0.805931
0.802901,0.806440
0.803402,0.806950
0.803902,0.807466
0.804402,0.807973
0.804902,0.808490
0.805403,0.809001
0.805903,0.809511
0.806403,0.810032
0.806903,0.810532
0.807404,0.811064
0.807904,0.811552
0.808404,0.812094
0.808904,0.812573
0.809405,0.813122
0.809905,0.813596
0.810405,0.814145
0.810905,0.814624
0.811406,0.815166
0.811906,0.815658
0.812406,0.816183
0.812906,0.816697
0.813407,0.817200
0.813907,0.817736
0.814407,0.818216
0.814907,0.818774
0.815408,0.819234
0.815908,0.819808
0.816408,0.820256
0.816908,0.820838
0.817409,0.821284
0.817909,0.821863
0.818409,0.822319
0.818909,0.822886
0.819410,0.823358
0.819910,0.823906
0.820410,0.824397
0.820910,0.824926
0.821411,0.825434
0.821911,0.825949
0.822411,0.826466
0.822911,0.826976
0.823412,0.827494
0.823912,0.828009
0.824412,0.828519
0.824912,0.829048
0.825413,0.829542
0.825913,0.830086
0.826413,0.830566
0.826913,0.831120
0.827414,0.831593
0.827914,0.832149
0.828414,0.832627
0.828914,0.833172
0.829415,0.833669
0.829915,0.834191
0.830415,0.834717
0.830915,0.835209
0.831416,0.835765
0.831916,0.836229
0.832416,0.836807
0.832916,0.837253
0.833417,0.837843
0.833917,0.838286
0.834417,0.838872
0.834917,0.839330
0.835418,0.839897
0.835918,0.840379
0.836418,0.840921
0.836918,0.841425
0.837419,0.841946
0.837919,0.842464
0.838419,0.842977
0.838919,0.843497
0.839420,0.844017
0.839920,0.844525
0.840420,0.845065
0.840920,0.845553
0.841421,0.846109
0.841921,0.846582
0.842421,0.847145
0.842921,0.847619
0.843422,0.848172
0.843922,0.848669
0.844422,0.849194
0.844922,0.849728
0.845423,0.850214
0.845923,0.850785
0.846423,0.851238
0.846923,0.851832
0.847424,0.852271
0.847924,0.852868
0.848424,0.853320
0.848924,0.853898
0.849425,0.854378
0.849925,0.854925
0.850425,0.855433
0.850925,0.855954
0.851426,0.856477
0.851926,0.856994
0.852426,0.857513
0.852926,0.858049
0.853427,0.858544
0.853927,0.859104
0.854427,0.859577
0.854927,0.860147
0.855428,0.860620
0.855928,0.861178
0.856428,0.861682
0.856928,0.862201
0.857429,0.862754
0.857929,0.863223
0.858429,0.863816
0.858929,0.864255
0.859430,0.864863
0.859930,0.865308
0.860430,0.865898
0.860930,0.866378
0.861431,0.866929
0.861931,0.867442
0.862431,0.867964
0.862931,0.868491
0.863432,0.869017
0.863932,0.869529
0.864432,0.870085
0.864932,0.870565
0.865433,0.871141
0.865933,0.871611
0.866433,0.872177
0.866933,0.872681
0.867434,0.873202
0.867934,0.873767
0.868434,0.874228
0.868934,0.874836
0.869435,0.875270
0.869935,0.875884
0.870435,0.876345
0.870935,0.876920
0.871436,0.877426
0.871936,0.877957
0.872436,0.878486
0.872936,0.879015
0.873437,0.879530
0.873937,0.880095
0.874437,0.880571
0.874937,0.881155
0.875438,0.881630
0.875938,0.882189
0.876438,0.882726
0.876938,0.883214
0.877439,0.883819
0.877939,0.884253
0.878439,0.884879
0.878939,0.885333
0.879440,0.885920
0.879940,0.886429
0.880440,0.886962
0.880940,0.887495
0.881441,0.888036
0.881941,0.888542
0.882441,0.889126
0.882941,0.889594
0.883442,0.890177
0.883942,0.890687
0.884442,0.891205
0.884942,0.891803
0.885443,0.892241
0.885943,0.892878
0.886443,0.893330
0.886943,0.893924
0.887444,0.894440
0.887944,0.894974
0.888444,0.895509
0.888944,0.896071
0.889445,0.896560
0.889945,0.897158
0.890445,0.897636
0.890945,0.898195
0.891446,0.898773
0.891946,0.899226
0.892446,0.899871
0.892946,0.900315
0.893447,0.900924
0.893947,0.901443
0.894447,0.901981
0.894947,0.902518
0.895448,0.903099
0.895948,0.903576
0.896448,0.904176
0.896948,0.904692
0.897449,0.905206
0.897949,0.905839
0.898449,0.906267
0.898949,0.906912
0.899450,0.907417
0.899950,0.907967
0.900450,0.908511
0.900950,0.909094
0.901451,0.909575
0.901951,0.910179
0.902451,0.910715
0.902951,0.911209
0.903452,0.911866
0.903952,0.912308
0.904452,0.912932
0.904952,0.913468
0.905453,0.914021
0.905953,0.914544
0.906453,0.915162
0.906953,0.915655
0.907454,0.916199
0.907954,0.916849
0.908454,0.917281
0.908954,0.917929
0.909455,0.918466
0.909955,0.919028
0.910455,0.919549
0.910955,0.920173
0.911456,0.920700
0.911956,0.921205
0.912456,0.921886
0.912956,0.922361
0.913457,0.922957
0.913957,0.923512
0.914457,0.924132
0.914957,0.924612
0.915458,0.925192
0.915958,0.925856
0.916458,0.926300
0.916958,0.926944
0.917459,0.927501
0.917959,0.928123
0.918459,0.928607
0.918959,0.929190
0.919460,0.929872
0.919960,0.930339
0.920460,0.930960
0.920960,0.931522
0.921461,0.932166
0.921961,0.932704
0.922461,0.933203
0.922961,0.933920
0.923462,0.934465
0.923962,0.935078
0.924462,0.935586
0.924962,0.936184
0.925463,0.936891
0.925963,0.937405
0.926463,0.938010
0.926963,0.938559
0.927464,0.939181
0.927964,0.939884
0.928464,0.940398
0.928964,0.941018
0.929465,0.941569
0.929965,0.942178
0.930465,0.942909
0.930965,0.943461
0.931466,0.944122
0.931966,0.944662
0.932466,0.945197
0.932966,0.945946
0.933467,0.946525
0.933967,0.947175
0.934467,0.947894
0.934967,0.948451
0.935468,0.949141
0.935968,0.949748
0.936468,0.950274
0.936968,0.951001
0.937469,0.951596
0.937969,0.952184
0.938469,0.952961
0.938969,0.953560
0.939470,0.954168
0.939970,0.954957
0.940470,0.955562
0.940970,0.956172
0.941471,0.956975
0.941971,0.957620
0.942471,0.958273
0.942971,0.959124
0.943472,0.959864
0.943972,0.960482
0.944472,0.961154
0.944972,0.961946
0.945473,0.962571
0.945973,0.963327
0.946473,0.964169
0.946973,0.964941
0.947474,0.965570
0.947974,0.966427
0.948474,0.967136
0.948974,0.967985
0.949475,0.968921
0.949975,0.969549
0.950475,0.970478
0.950975,0.971136
0.951476,0.972128
0.951976,0.973158
0.952476,0.973963
0.952976,0.974953
0.953477,0.975949
0.953977,0.976947
0.954477,0.977951
0.954977,0.978957
0.955478,0.979981
0.955978,0.981109
0.956478,0.982179
0.956978,0.983531
0.957479,0.984969
0.957979,0.986494
0.958479,0.988075
0.958979,0.990099
0.959480,0.992105
0.959980,0.995963
0.960480,1.000000
0.960980,1.000000
0.961481,1.000000
0.961981,1.000000
0.962481,1.000000
0.962981,1.000000
0.963482,1.000000
0.963982,1.000000
0.964482,1.000000
0.964982,1.000000
0.965483,1.000000
0.965983,1.000000
0.966483,1.000000
0.966983,1.000000
0.967484,1.000000
0.967984,1.000000
0.968484,1.000000
0.968984,1.000000
0.969485,1.000000
0.969985,1.000000
0.970485,1.000000
0.970985,1.000000
0.971486,1.000000
0.971986,1.000000
0.972486,1.000000
0.972986,1.000000
0.973487,1.000000
0.973987,1.000000
0.974487,1.000000
0.974987,1.000000
0.975488,1.000000
0.975988,1.000000
0.976488,1.000000
0.976988,1.000000
0.977489,1.000000
0.977989,1.000000
0.978489,1.000000
0.978989,1.000000
0.979490,1.000000
0.979990,1.000000
0.980490,1.000000
0.980990,1.000000
0.981491,1.000000
0.981991,1.000000
0.982491,1.000000
0.982991,1.000000
0.983492,1.000000
0.983992,1.000000
0.984492,1.000000
0.984992,1.000000
0.985493,1.000000
0.985993,1.000000
0.986493,1.000000
0.986993,1.000000
0.987494,1.000000
0.987994,1.000000
0.988494,1.000000
0.988994,1.000000
0.989495,1.000000
0.989995,1.000000
0.990495,1.000000
0.990995,1.000000
0.991496,1.000000
0.991996,1.000000
0.992496,1.000000
0.992996,1.000000
0.993497,1.000000
0.993997,1.000000
0.994497,1.000000
0.994997,1.000000
0.995498,1.000000
0.995998,1.000000
0.996498,1.000000
0.996998,1.000000
0.997499,1.000000
0.997999,1.000000
0.998499,1.000000
0.998999,1.000000
0.999500,1.000000
1.000000,1.000000
